tree
version=v4
num_class=1
num_tree_per_iteration=1
label_index=0
max_feature_idx=20
objective=regression
feature_names=turn ret_1 ret_2 ret_5 ret_10 ret_20 ma5 ma20 ma60 close_ma5 close_ma20 close_ma60 vol_20 vol_60 volume_ratio turn_20 hl_pos20 dist_high20 rank_ret_5 rank_close_ma20 rank_vol_20
feature_infos=[0.01063743:83.161895999999999] [-0.19986309999999999:0.28994664999999997] [-0.3539853:0.44059177999999999] [-0.40972763000000001:2.9196832000000001] [-0.58949214000000005:3.5907079999999998] [-0.61366019999999999:5.7245699999999999] [1.0620000000000001:2102.3800000000001] [1.0765:1930.971] [1.0946667000000001:1816.3323] [-0.27747872000000001:0.39355993] [-0.47986686000000001:1.7160195] [-0.56378289999999998:2.5738750000000001] [0.0040613929999999999:10.90884] [0.064830380000000007:6.3185697000000003] [0.0091293859999999998:16.179102] [0.017040024000000001:43.461689999999997] [0:1] [0:1.5874440000000001] [0.0033898305000000001:1] [0.0033898305000000001:1] [0.0034013605000000001:1]
tree_sizes=2974 3002 3034 3012 3027 3023 3028 3025 3032 3034 3019 3056 3003 3030 3032 3045 3022 3020 2998 3044 2991 3095 3068 3084 3057 3072 3063 3025 3111 3046 3037 3075 3110 3082 3075 3062 3017 3073 3055 3054 3089 3074 3020 3067 3143 3097 3101 3136 3065 3123 3077

Tree=0
num_leaves=31
num_cat=0
split_feature=2 0 15 10 14 14 0 19 4 10 11 13 7 6 4 0 16 11 20 5 10 16 14 20 19 13 0 2 19 13
split_gain=7.18642 16.3506 3.18457 2.3154 1.71934 1.01984 0.898465 0.880811 0.740636 0.483959 0.438135 0.477481 0.386476 0.527618 0.341347 0.394577 0.323919 0.315983 0.308471 0.30717 0.283292 0.407863 0.370715 0.27885 0.231711 0.222359 0.317695 0.221316 0.188788 0.186183
threshold=0.15523051000000002 0.53941260000000002 0.44946580000000008 -0.092621987499999989 0.94214218000000016 0.57907785000000012 6.082472000000001 0.10658751200000001 0.046762217000000002 -0.14380141999999999 -0.12678889999999995 0.67285314000000007 17.135500000000004 16.149000000000004 0.3655983000000001 0.26860755500000005 0.99989450000000013 -0.18033800999999997 0.59168107000000014 0.54882355000000016 -0.040225168499999991 0.27276210500000003 1.0063544500000001 0.99566160000000015 0.21456714500000004 0.53038687000000018 0.42078693500000003 -0.026413441999999999 0.030123801000000002 0.35307106500000007
decision_type=2 2 2 2 2 2 2 2 2 2 2 2 2 2 2 2 2 2 2 2 2 2 2 2 2 2 2 2 2 2
left_child=3 2 -2 7 6 -4 12 9 10 25 11 24 13 -3 15 -7 19 -9 -6 27 21 -12 -22 -21 -5 28 -27 -10 -1 -19
right_child=1 4 5 8 18 14 -8 17 16 -11 20 -13 -14 -15 -16 -17 -18 29 -20 23 22 -23 -24 -25 -26 26 -28 -29 -30 -31
leaf_value=0.00439321781046818 0.005709800041016214 0.011658016085360221 0.017161538168850902 0.003507141506725148 0.010729586375612788 0.030925944986234698 0.0059331092404749999 0.0053821032743261235 0.0039308453163211833 0.0036877275898187251 0.0035432106487294575 0.005119031205866752 0.0073145358230898554 0.020294499672019611 0.035401194417584714 0.023247791387083237 0.0043649183566594838 0.0050066095295770979 0.0044541560679751523 0.0023088538175179453 0.0034046130326926857 0.0040385062350794896 0.0035598214649091081 0.0044190452166776297 0.0039343787883876474 -0.0022350148745197587 0.0041038571505427578 0.0036438285234034517 0.005538286791080955 0.0042562333852827934
leaf_weight=872 20 48 20 6686 20 44 77 1244 7438 7801 36783 631 22 28 20 27 1668 1158 938 734 120873 4686 56435 199 6041 20 1692 69233 613 2889
leaf_count=872 20 48 20 6686 20 44 77 1244 7438 7801 36783 631 22 28 20 27 1668 1158 938 734 120873 4686 56435 199 6041 20 1692 69233 613 2889
internal_value=0.00358848 0.00735132 0.0240754 0.00357396 0.00541764 0.0273846 0.00997486 0.00415508 0.00354356 0.00390006 0.0034985 0.0037765 0.0131505 0.0148399 0.0296314 0.0280061 0.00367552 0.00468517 0.00458517 0.0036607 0.00348153 0.00359918 0.00345401 0.00275894 0.00370993 0.00441817 0.0040298 0.00367167 0.0048659 0.00447094
internal_weight=328960 1264 131 327696 1133 111 175 16289 311407 10998 232135 13358 98 76 91 71 79272 5291 958 77604 218777 41469 177308 933 12727 3197 1712 76671 1485 4047
internal_count=328960 1264 131 327696 1133 111 175 16289 311407 10998 232135 13358 98 76 91 71 79272 5291 958 77604 218777 41469 177308 933 12727 3197 1712 76671 1485 4047
is_linear=0
shrinkage=1


Tree=1
num_leaves=31
num_cat=0
split_feature=2 0 15 11 14 1 0 14 0 3 16 9 3 14 4 15 9 2 14 20 5 13 13 20 11 0 11 13 14 15
split_gain=6.48574 14.7565 2.87407 1.86889 1.5517 1.21507 1.54009 0.920403 0.810865 0.678014 0.717976 0.519249 0.420927 0.434626 0.366911 0.328285 0.316871 0.309631 0.292036 0.278395 0.272298 0.242203 0.239431 0.228942 0.203987 0.196794 0.173193 0.164377 0.151975 0.148793
threshold=0.15523051000000002 0.53941260000000002 0.44946580000000008 -0.17444697999999997 0.94214218000000016 0.099615935000000017 0.23699941500000002 0.57907785000000012 6.082472000000001 -0.054262887999999988 0.63437668500000022 -0.032954771999999993 0.16493348000000005 0.64183230000000002 -0.12066057249999999 0.99858692000000004 0.1145170075 0.0047744096500000012 0.33875902000000008 0.59168107000000014 0.54882355000000016 0.40489115000000003 0.48497883000000003 0.68288131500000004 0.030358423000000002 0.33115713500000005 -0.23525202499999998 0.69318337000000019 0.80215901500000009 13.766197500000002
decision_type=2 2 2 2 2 2 2 2 2 2 2 2 2 2 2 2 2 2 2 2 2 2 2 2 2 2 2 2 2 2
left_child=3 2 -2 11 8 9 -7 -4 12 14 15 18 -3 -14 21 -11 -9 -8 -1 -6 -12 -5 23 -13 -16 -18 -20 -28 -19 -21
right_child=1 4 7 5 19 6 17 16 -10 10 20 22 13 -15 24 -17 25 28 26 29 -22 -23 -24 -25 -26 -27 27 -29 -30 -31
leaf_value=-0.0045987048313360325 0.0020152585138566792 0.0037701076051841181 0.012894409790169448 0.00087592553445916708 0.0067840555601287635 0.015082280626520514 0.0052189467029853005 0.020315065550883967 0.0022274023507917891 -8.1188978357235066e-05 3.8683650355803345e-05 0.00036588295167045321 0.0050683473281207536 0.013639956019353123 4.721374782182481e-06 -0.00022679415811467383 0.028899933321353717 0.0034652063434850045 0.0016832588919139025 0.00068948867822175245 -0.00084337994197986467 0.00027313752973142193 0.00069455344694824175 -0.00060761103434035454 0.00031595290685933284 0.023145426685611408 0.00084409738055508411 0.002584350772915172 0.00092243912353292222 0.0038061823162843216
leaf_weight=22 20 27 20 2499 20 20 45 28 77 110727 109482 1836 21 50 21509 59520 39 61 1163 898 882 5002 2959 900 6971 24 2352 144 1602 40
leaf_count=22 20 27 20 2499 20 20 45 28 77 110727 109482 1836 21 50 21509 59520 39 61 1163 898 882 5002 2959 900 6971 24 2352 144 1602 40
internal_value=5.74534e-12 0.00357471 0.0194626 -1.37885e-05 0.00173771 -3.42814e-05 0.00128798 0.0226063 0.00606706 -4.14984e-05 -6.76998e-05 0.000681956 0.00908394 0.0111047 0.000162842 -0.000132094 0.0247408 0.00112645 0.00114478 0.000946857 3.16344e-05 0.00047396 0.000382809 4.56547e-05 8.0901e-05 0.0267077 0.00117931 0.000944497 0.00101571 0.000822397
internal_weight=328960 1264 131 327696 1133 318320 1728 111 175 316592 280611 9376 98 71 35981 170247 91 1708 3681 958 110364 7501 5695 2736 28480 63 3659 2496 1663 938
internal_count=328960 1264 131 327696 1133 318320 1728 111 175 316592 280611 9376 98 71 35981 170247 91 1708 3681 958 110364 7501 5695 2736 28480 63 3659 2496 1663 938
is_linear=0
shrinkage=0.05


Tree=2
num_leaves=31
num_cat=0
split_feature=2 0 15 10 12 0 14 19 4 14 10 9 11 15 11 4 0 15 8 10 16 11 2 6 16 11 11 12 13 18
split_gain=5.85338 13.3177 2.59385 1.92668 1.41724 1.0191 0.830663 0.799911 0.6353 0.468697 0.411868 0.409122 0.462053 0.377365 0.368906 0.304108 0.355262 0.279644 0.27526 0.361338 0.286786 0.268514 0.259164 0.255622 0.248937 0.219451 0.180422 0.236522 0.161104 0.194921
threshold=0.15523051000000002 0.53941260000000002 0.44946580000000008 -0.092621987499999989 0.40938541500000009 1.2699618500000003 0.57907785000000012 0.10658751200000001 0.046762217000000002 0.8662999600000002 -0.15628770999999997 -0.020301951999999995 0.044452731000000002 1.0715659000000002 -0.13894155999999996 0.3655983000000001 0.26860755500000005 6.3099252000000012 82.681335500000003 0.22069109500000003 0.99989450000000013 -0.18033800999999997 -0.026413441999999999 17.761000000000006 0.11709231500000002 -0.19631563999999999 -0.14622777499999998 0.89321780500000003 0.55319998500000012 0.025846164000000001
decision_type=2 2 2 2 2 2 2 2 2 2 2 2 2 2 2 2 2 2 2 2 2 2 2 2 2 2 2 2 2 2
left_child=3 2 -2 7 5 -3 -4 10 11 17 28 12 14 -13 -5 16 -8 -6 20 -20 22 -9 -10 -7 -14 -15 27 -12 29 -1
right_child=1 4 6 8 9 23 15 21 18 -11 26 13 24 25 -16 -17 -18 -19 19 -21 -22 -23 -24 -25 -26 -27 -28 -29 -30 -31
leaf_value=0.00047296310373912305 0.0019144955754745751 0.01538164351799491 0.012249688496813179 0.00051491891453370132 0.0082340189947613645 0.0017572495322228669 0.024740221080454913 0.0016646144547974714 0.00038232908520814495 0.00079135024034978111 0.00033518527570931453 -6.7707429987952288e-05 0.0015190360439184091 0.00060546022051575631 -7.3745493044241671e-05 0.028949722573161127 0.017454619323770102 0.00093569623117911683 -0.00018932324506343287 -0.003094188272344256 0.00077331986730877662 0.00082468007489620789 6.2214484939341773e-05 0.0070919145829975612 0.00033082716898054051 -0.00023322479225190121 -8.9109257094389171e-05 0.0050309156093539462 0.0004739807981807005 0.0018561149157333518
leaf_weight=416 20 27 20 2917 35 47 44 1244 7009 960 3951 134035 468 791 30381 20 27 21 5995 109 1586 4047 64573 43 7585 55958 4763 27 1184 657
leaf_count=416 20 27 20 2917 35 47 44 1244 7009 960 3951 134035 468 791 30381 20 27 21 5995 109 1586 4047 64573 43 7585 55958 4763 27 1184 657
internal_value=5.16017e-12 0.00339597 0.0184895 -1.3099e-05 0.00165082 0.00686194 0.021476 0.000516999 -4.08273e-05 0.00105072 0.000273971 -8.25608e-05 6.00176e-05 -0.000113464 -2.21768e-05 0.0235037 0.0219696 0.00549715 8.13824e-05 -0.000241196 0.000108293 0.00102216 9.35587e-05 0.00430603 0.00039988 -0.000221535 0.00011849 0.000367057 0.000876125 0.00131987
internal_weight=328960 1264 131 327696 1133 117 111 16289 311407 1016 10998 232135 41351 190784 33298 91 71 56 79272 6104 73168 5291 71582 90 8053 56749 8741 3978 2257 1073
internal_count=328960 1264 131 327696 1133 117 111 16289 311407 1016 10998 232135 41351 190784 33298 91 71 56 79272 6104 73168 5291 71582 90 8053 56749 8741 3978 2257 1073
is_linear=0
shrinkage=0.05


Tree=3
num_leaves=31
num_cat=0
split_feature=2 14 15 10 1 1 2 19 6 6 14 9 9 11 7 10 20 5 20 20 16 3 19 20 11 14 13 14 18 15
split_gain=5.28268 9.42913 2.41127 1.74383 1.63751 1.08674 1.28674 0.710582 0.508513 0.452387 0.451316 0.387046 0.381321 0.359967 0.354833 0.35367 0.334016 0.29977 0.28267 0.258255 0.232776 0.231304 0.228797 0.19477 0.178607 0.172534 0.160993 0.136895 0.142416 0.134362
threshold=0.15523051000000002 0.94214218000000016 1.1753318500000003 -0.095458272999999996 0.086454112000000014 0.099615935000000017 0.0047744096500000012 0.10658751200000001 41.769000000000013 10.827000000000002 1.0104904000000003 0.008904645000000001 -0.022400537499999994 0.043220611500000006 13.515250000000002 -0.13450661999999997 0.59168107000000014 0.54882355000000016 0.74263155500000011 0.96798575000000009 0.67619260000000014 -0.12563442499999997 0.030123801000000002 0.99566160000000015 -0.21850954999999997 0.39495405500000008 0.53038687000000018 0.80215901500000009 0.94824153000000011 13.766197500000002
decision_type=2 2 2 2 2 2 2 2 2 2 2 2 2 2 2 2 2 2 2 2 2 2 2 2 2 2 2 2 2 2
left_child=3 2 4 7 -2 10 11 15 9 -6 12 -7 13 -5 19 22 -3 18 -12 -4 -14 24 25 -19 -9 -1 -24 28 -8 -18
right_child=1 16 14 5 8 6 27 21 -10 -11 17 -13 20 -15 -16 -17 29 23 -20 -21 -22 -23 26 -25 -26 -27 -28 -29 -30 -31
leaf_value=-0.0022025551224942319 0.0011137988788753072 0.0069713480781171139 0.011146527971141041 -2.3485943222592465e-05 0.012732128085917794 0.011366384815520202 0.0055070589084855537 0.0033295899060079093 0.0099098630531719231 0.018591558524363099 -4.6311377734720956e-06 0.0028111839783377945 -0.00015161557543027029 0.00040276729538814998 0.00046906265284633267 4.53906741479624e-05 0.00061570457840526608 -0.0015080784861243822 0.00017866178883900257 0.0031113674025982623 -1.5234646560116541e-05 0.0008276663882097042 0.0015786997589633358 0.0006142398223965901 0.001413167755243044 0.00040831064848088986 0.00058121333788644129 0.00086471620879139408 0.00074711920499491197 0.0035763056573341599
leaf_weight=65 22 22 20 18735 48 39 33 139 33 105 87650 20 128070 6733 40 6265 914 499 27676 20 41402 3606 851 138 970 2387 771 1617 30 40
leaf_count=65 22 22 20 18735 48 39 33 139 33 105 87650 20 128070 6733 40 6265 914 499 27676 20 41402 3606 851 138 970 2387 771 1617 30 40
internal_value=-1.44112e-14 0.00322617 0.0111761 -1.24441e-05 0.0140134 -3.77539e-05 0.00120869 0.000513191 0.0155391 0.0167533 -4.47258e-05 0.00846632 -9.11887e-05 8.9203e-05 0.00379901 0.00028121 0.000880303 3.3381e-05 3.93556e-05 0.00712895 -0.000118298 0.00102188 0.000643854 -0.0010483 0.00165337 0.000339099 0.00110456 0.000953805 0.00324042 0.000739839
internal_weight=328960 1264 288 327696 208 312642 1739 15054 186 153 310903 59 194940 25468 80 10339 976 115963 115326 40 169472 4715 4074 637 1109 2452 1622 1680 63 954
internal_count=328960 1264 288 327696 208 312642 1739 15054 186 153 310903 59 194940 25468 80 10339 976 115963 115326 40 169472 4715 4074 637 1109 2452 1622 1680 63 954
is_linear=0
shrinkage=0.05


Tree=4
num_leaves=31
num_cat=0
split_feature=2 0 15 10 12 1 0 0 14 19 4 3 14 15 10 1 19 11 3 6 2 11 13 11 13 19 0 20 0 13
split_gain=4.76762 11.1849 1.831 1.57551 1.1311 0.980205 1.31858 0.950391 0.701016 0.671631 0.453585 0.440106 0.401728 0.393928 0.369178 0.325394 0.282395 0.267985 0.247817 0.242139 0.237411 0.193924 0.221059 0.1857 0.181271 0.203678 0.179365 0.140384 0.128664 0.127517
threshold=0.15523051000000002 0.53340986500000009 0.46095688500000004 -0.092621987499999989 0.40938541500000009 0.099615935000000017 0.23699941500000002 1.2699618500000003 0.57907785000000012 0.13451411000000005 0.040744035000000005 -0.047335306999999993 0.74297563000000011 1.0715659000000002 -0.15628770999999997 -0.0051227633999999991 0.77796740000000009 0.038299765000000006 0.25114998000000005 17.761000000000006 0.0047744096500000012 -0.14622777499999998 0.66439225000000013 -0.18798709 0.55319998500000012 0.014010551000000001 0.51540407500000007 0.96434926500000007 0.33115713500000005 0.35307106500000007
decision_type=2 2 2 2 2 2 2 2 2 2 2 2 2 2 2 2 2 2 2 2 2 2 2 2 2 2 2 2 2 2
left_child=3 2 -2 9 7 10 -7 -3 -4 14 11 17 -6 -13 24 27 -17 -5 -10 -9 -8 22 -16 -11 25 -1 -26 -12 -20 -25
right_child=1 4 8 5 12 6 20 19 18 23 15 13 -14 -15 21 16 -18 -19 28 -21 -22 -23 -24 29 26 -27 -28 -29 -30 -31
leaf_value=0.00042997877971655095 0.0031802426977083093 0.013970084186514903 0.011200364278629422 1.5892545954227014e-05 0.0059903699751502199 0.013911420954391433 0.0045824624742898676 0.0010812578078834936 0.018455471408024834 0.00172680537915768 0.0001669673984232873 -6.3743146895641324e-05 0.00075058400978710493 -0.00022118963804813676 0.00027840823082379032 0.00013258065936409149 -9.2717661577351279e-05 0.00037116838041222788 0.025847825432016004 0.0062733303774473101 0.00090221202663348697 -6.0290042018512049e-05 0.0015289462079370432 0.0013264641293194435 -0.0042776474589481953 0.001815300604234983 0.00049671988914774801 0.0005858810971465985 0.020703971795737745 0.00065924738936757167
leaf_weight=424 20 29 20 27524 38 20 45 47 37 751 23725 133241 979 56605 4069 22001 37813 6576 31 43 1673 5311 387 1021 20 709 1199 2184 20 2398
leaf_count=424 20 29 20 27524 38 20 45 47 37 751 23725 133241 979 56605 4069 22001 37813 6576 31 43 1673 5311 387 1021 20 709 1199 2184 20 2398
internal_value=2.64926e-12 0.00306486 0.0170768 -1.18219e-05 0.00148606 -3.68962e-05 0.0011472 0.00609836 0.0196502 0.000467539 -4.35419e-05 -8.09812e-05 0.000946368 -0.000110688 0.000279208 5.42659e-05 -9.84763e-06 8.44056e-05 0.0215706 0.00356191 0.00099861 0.000143785 0.000387016 0.00101487 0.00084157 0.00129687 0.000418387 0.00020228 0.0238306 0.000858495
internal_weight=328960 1264 128 327696 1136 311407 1738 119 108 16289 309669 223946 1017 189846 12119 85723 59814 34100 88 90 1718 9767 4456 4170 2352 1133 1219 25909 51 3419
internal_count=328960 1264 128 327696 1136 311407 1738 119 108 16289 309669 223946 1017 189846 12119 85723 59814 34100 88 90 1718 9767 4456 4170 2352 1133 1219 25909 51 3419
is_linear=0
shrinkage=0.05


Tree=5
num_leaves=31
num_cat=0
split_feature=2 0 12 10 20 12 0 19 4 10 19 14 11 7 8 10 0 2 0 5 4 6 3 7 12 12 19 11 9 14
split_gain=4.30277 10.0944 1.4627 1.4244 1.25425 1.02082 0.857728 0.59123 0.482551 0.406411 0.397627 0.364786 0.325888 0.292206 0.247708 0.324796 0.246561 0.234348 0.224993 0.223982 0.223281 0.218531 0.205799 0.195677 0.189422 0.189152 0.175553 0.155511 0.143348 0.141758
threshold=0.15523051000000002 0.53340986500000009 0.50250388000000012 -0.095458272999999996 0.94847571500000016 0.40938541500000009 1.2699618500000003 0.10658751200000001 0.046762217000000002 -0.05700178999999999 0.26655133000000003 0.8662999600000002 -0.23525202499999998 34.690000000000005 82.681335500000003 0.22069109500000003 0.33115713500000005 -0.048521158999999994 1.1702663500000001 0.44966193500000007 -0.0046744579999999985 17.761000000000006 -0.12563442499999997 13.515250000000002 0.40549253000000002 0.89321780500000003 0.59187427500000012 -0.21850954999999997 0.1145170075 0.39495405500000008
decision_type=2 2 2 2 2 2 2 2 2 2 2 2 2 2 2 2 2 2 2 2 2 2 2 2 2 2 2 2 2 2
left_child=3 2 16 7 -4 6 -3 12 9 10 13 23 25 -5 18 -16 28 24 -10 -20 -19 -8 27 -7 -11 29 -12 -9 -2 -1
right_child=1 5 4 8 -6 11 21 22 14 17 26 -13 -14 -15 15 -17 -18 20 19 -21 -22 -23 -24 -25 -26 -27 -28 -29 -30 -31
leaf_value=-0.0033289675461128359 0.01857227684557438 0.01327158002351443 0.00033622406124116176 0.00012645639924437231 0.017636775876162577 0.007673714565241645 0.0010271948975253296 0.0030875884278940384 2.5115420609361613e-06 -0.00020086605562017083 0.00037385748393797434 0.00067045737744911716 0.000137533792223301 -0.00027347089077076097 -0.00018435373279904863 -0.0029384235474451902 0.015391903459517796 -0.00015511512773522062 0.00020488962386584609 -0.00035611200500198294 -4.8618673866949689e-05 0.0059596638352241976 0.00074464154023036781 0.0017587314997972163 0.00034189564133754627 0.0045712531664009607 0.0012672477025995757 0.0012993587096631 0.023422410740302161 0.00090996952900200133
leaf_weight=20 25 29 22 15429 20 29 47 139 33469 2306 5579 961 8860 6488 5995 109 22 105031 37833 1867 92619 43 3606 27 5307 35 610 970 39 1424
leaf_count=20 25 29 22 15429 20 29 47 139 33469 2306 5579 961 8860 6488 5995 109 22 105031 37833 1867 92619 43 3606 27 5307 35 610 970 39 1424
internal_value=-5.34778e-12 0.00291162 0.0162229 -1.12308e-05 0.00857458 0.00141175 0.00579344 0.00046383 -3.41054e-05 -7.03096e-05 0.000108005 0.000899049 0.000252226 8.06756e-06 7.24748e-05 -0.000233534 0.0199582 -9.47256e-05 9.80031e-05 0.000178507 -0.000105211 0.00338382 0.000927832 0.00482185 0.000177492 0.000939291 0.000461912 0.00152349 0.0215278 0.000851258
internal_weight=328960 1264 128 327696 42 1136 119 15054 312642 233369 28106 1017 10339 21917 79273 6104 86 205263 73169 39700 197650 90 4715 56 7613 1479 6189 1109 64 1444
internal_count=328960 1264 128 327696 42 1136 119 15054 312642 233369 28106 1017 10339 21917 79273 6104 86 205263 73169 39700 197650 90 4715 56 7613 1479 6189 1109 64 1444
is_linear=0
shrinkage=0.05


Tree=6
num_leaves=31
num_cat=0
split_feature=1 0 7 8 11 4 12 0 3 0 14 1 0 3 14 13 19 5 14 20 13 19 7 13 7 20 11 19 17 13
split_gain=3.76727 8.58091 2.48765 3.28012 1.35351 1.15185 0.647662 0.874069 0.41622 0.398309 0.394655 0.932788 1.47405 0.350498 0.310663 0.301664 0.2974 0.289811 0.288761 0.253898 0.343125 0.282566 0.230115 0.220801 0.277208 0.22058 0.21956 0.213627 0.199709 0.195616
threshold=0.099615935000000017 0.53941260000000002 17.783750000000001 10.349666750000003 -0.14245915999999997 0.23789920500000003 0.37587370000000003 1.7419472500000002 -0.070551539999999982 0.11406368300000001 1.0104904000000003 0.086454112000000014 1.1976924500000001 -0.027189828499999995 0.74609703000000016 0.64211123000000014 0.40594347500000005 0.54882355000000016 0.33875902000000008 0.74263155500000011 0.52057940000000014 0.92599110000000018 15.950000000000001 0.69318337000000019 13.821250000000001 0.99566160000000015 -0.23525202499999998 0.17870069500000002 0.090984912500000015 0.7047366650000001
decision_type=2 2 2 2 2 2 2 2 2 2 2 2 2 2 2 2 2 2 2 2 2 2 2 2 2 2 2 2 2 2
left_child=4 2 3 -2 8 9 7 -3 18 -5 11 13 -13 28 23 27 -15 19 -1 21 -21 -12 -14 24 -8 -19 -20 -10 -6 -28
right_child=1 6 -4 5 10 -7 14 -9 15 -11 17 12 22 16 -16 -17 -18 25 26 20 -22 -23 -24 -25 -26 -27 29 -29 -30 -31
leaf_value=-0.0045239155478506848 8.1879477016627783e-05 0.012065549716353416 -0.00015172406898013183 0.022703164940079054 -8.8222679037342248e-05 0.029869727510958913 0.010454025329090656 0.0023983923959949951 -7.2704189997294713e-05 0.01496166535480707 2.2748031359010948e-05 0.013215826216208586 0.0041945653784998945 -0.00023039884426216803 0.00086002223903291781 0.00099872110488656313 -7.5191011399643035e-05 -0.0014330337970739975 0.0013434345600522128 0.00033810314496470492 -1.1507252489599559e-05 -0.00033029489129280352 -0.0022628203240487523 0.00041094088228419426 0.002854571989571144 0.00071550395993031811 0.00053806747161354339 0.00039168676055052504 0.00010410983300941113 0.0019589636761320793
leaf_weight=26 25 30 28 24 23656 24 21 106 5403 54 81015 34 22 46642 2088 1140 91239 558 1273 14669 13456 6094 37 26 28 152 4835 4572 31428 255
leaf_count=26 25 30 28 24 23656 24 21 106 5403 54 81015 34 22 46642 2088 1140 91239 558 1273 14669 13456 6094 37 26 28 152 4835 4572 31428 255
internal_value=5.31036e-12 0.00195173 0.0133386 0.0163128 -1.46691e-05 0.020291 0.00118402 0.00453085 0.000413058 0.0173437 -3.88985e-05 -8.26889e-05 0.00492359 -8.51017e-05 0.000973589 0.000228206 -0.000127694 3.40167e-05 0.000734647 4.02217e-05 0.000170837 -1.95026e-06 0.000145018 0.00413529 0.00611148 -0.000973065 0.000756135 0.000140147 2.1512e-05 0.000609252
internal_weight=328960 2454 155 127 326506 102 2299 136 17504 78 309002 193058 93 192965 2163 11115 137881 115944 6389 115234 28125 87109 59 75 49 710 6363 9975 55084 5090
internal_count=328960 2454 155 127 326506 102 2299 136 17504 78 309002 193058 93 192965 2163 11115 137881 115944 6389 115234 28125 87109 59 75 49 710 6363 9975 55084 5090
is_linear=0
shrinkage=0.05


Tree=7
num_leaves=31
num_cat=0
split_feature=1 0 7 7 11 4 12 0 9 16 10 7 9 0 0 19 19 14 20 12 0 12 9 19 13 14 11 13 7 19
split_gain=3.39996 7.74427 2.25302 2.85864 1.22154 0.899996 0.584515 0.788847 0.431582 0.368511 0.489027 0.509446 0.374396 0.714455 0.359474 0.323955 0.312419 0.280374 0.265992 0.318826 0.255246 0.236484 0.230458 0.21602 0.20472 0.252095 0.219388 0.199272 0.25018 0.164194
threshold=0.099615935000000017 0.53941260000000002 17.347750000000001 10.284250000000002 -0.14245915999999997 0.23789920500000003 0.37587370000000003 1.7419472500000002 -0.033791200999999993 0.66673715 -0.05700178999999999 69.878500000000017 0.1145170075 16.680021500000006 0.11406368300000001 0.31826045000000008 0.26265089000000008 0.74609703000000016 0.75834880000000016 0.60374025000000009 0.76629358500000011 0.89321780500000003 -0.023271724499999997 0.9220318500000001 0.69318337000000019 0.33875902000000008 -0.21850954999999997 0.69318337000000019 13.821250000000001 0.32612592000000001
decision_type=2 2 2 2 2 2 2 2 2 2 2 2 2 2 2 2 2 2 2 2 2 2 2 2 2 2 2 2 2 2
left_child=4 2 3 -2 8 14 7 -3 24 10 11 16 22 -14 -5 20 -6 27 23 -20 -11 29 -12 -17 25 -1 -27 28 -8 -10
right_child=1 6 -4 5 9 -7 17 -9 21 15 12 -13 13 -15 -16 18 -18 -19 19 -21 -22 -23 -24 -25 -26 26 -28 -29 -30 -31
leaf_value=-0.0042378477774596274 -0.00037381222064141188 0.011462272305507212 0.00010632369908150928 0.021568006494392954 9.5664258813644762e-05 0.027378113523125649 0.0099313239389587013 0.0022784728462421247 0.00010878461294449268 0.00021725427903185465 3.5831989551890309e-05 -0.00043599008026724953 0.011111989571890307 -0.0020925984974019228 0.014213581983413963 7.6379261213759195e-06 0.00050743362585796068 0.0008170211387522931 0.00028733644596894907 -5.1649735254910429e-05 0.0012017301158293373 0.0029471526163537352 -0.00013038846224136655 -0.00025057176637111349 0.0019120495458603759 0.0012202828590118261 0.00049900981807117115 0.00039039406423958448 0.0027118434259916415 0.00057541222869571067
leaf_weight=26 23 30 29 24 20519 25 21 106 9402 1874 24133 3731 21 20 54 59969 5940 2088 17516 11484 1015 79 153415 9365 356 1455 3828 26 28 2358
leaf_count=26 23 30 29 24 20519 25 21 106 9402 1874 24133 3731 21 20 54 59969 5940 2088 17516 11484 1015 79 153415 9365 356 1455 3828 26 28 2358
internal_value=1.06802e-12 0.00185414 0.0126716 0.0155637 -1.39356e-05 0.0191225 0.00112482 0.00430431 0.000392406 -3.69536e-05 -7.50649e-05 0.000110978 -0.000106692 0.00467073 0.0164765 4.12768e-05 0.000188106 0.00092491 2.5945e-05 0.000153098 0.000563133 0.000220664 -0.000107795 -2.72387e-05 0.00075132 0.000673486 0.000697657 0.00392853 0.00580591 0.000202348
internal_weight=328960 2454 155 126 326506 103 2299 136 17504 309002 207779 30190 177589 41 78 101223 26459 2163 98334 29000 2889 11839 177548 69334 5665 5309 5283 75 49 11760
internal_count=328960 2454 155 126 326506 103 2299 136 17504 309002 207779 30190 177589 41 78 101223 26459 2163 98334 29000 2889 11839 177548 69334 5665 5309 5283 75 49 11760
is_linear=0
shrinkage=0.05


Tree=8
num_leaves=31
num_cat=0
split_feature=2 14 7 10 1 8 19 1 2 19 11 16 13 10 19 9 11 19 13 3 11 12 13 12 14 12 4 5 19 13
split_gain=3.27007 5.74879 1.28355 1.11748 0.90791 1.00418 1.1978 0.705731 0.904199 0.56383 0.35774 0.381401 0.359208 0.338012 0.295691 0.267402 0.232868 0.216458 0.206005 0.177706 0.158476 0.151865 0.14903 0.143208 0.169527 0.120801 0.129814 0.107842 0.103922 0.0967548
threshold=0.15523051000000002 0.94214218000000016 16.323750000000004 -0.11518648499999999 0.086454112000000014 8.1799165000000027 0.99132317000000014 0.099615935000000017 0.0047744096500000012 0.074008867500000006 -0.12968243999999998 0.66673715 0.63051970000000013 -0.040225168499999991 0.32226814000000009 0.008904645000000001 -0.16361307499999997 0.32991443500000006 0.47943664000000003 -0.040765294999999993 -0.23525202499999998 0.44414283500000007 0.35307106500000007 0.89321780500000003 0.37278154500000005 0.85000330000000013 0.10616523500000001 0.080925725000000018 0.95626810000000007 0.43207647500000007
decision_type=2 2 2 2 2 2 2 2 2 2 2 2 2 2 2 2 2 2 2 2 2 2 2 2 2 2 2 2 2 2
left_child=3 2 4 9 -2 -6 -7 10 15 16 12 13 17 -12 -13 -9 23 -5 -11 -14 -20 -3 -18 24 -1 26 -10 -24 29 -23
right_child=1 21 -4 7 5 6 -8 8 25 18 11 14 19 -15 -16 -17 22 -19 20 -21 -22 28 27 -25 -26 -27 -28 -29 -30 -31
leaf_value=-0.003592960939276964 0.00075711369378647468 0.0047212992997273159 -8.5657943984390137e-05 1.5803446197199415e-05 0.00056308964267373087 0.010794100945412038 0.02366804392077029 0.0094711093375316052 0.00038300211592578234 0.0014824346870395185 3.5510247418698028e-05 0.0005284537356556382 0.0016613036901001858 -0.00011860805474664919 2.1447587567357951e-05 0.0023600966786034407 0.00067436521417011351 0.00046493730307259925 0.0020789393034905536 0.00053350821098751059 0.00044140943737379823 0.0029946519190869169 -0.00030417924162063324 0.0030370517084456722 0.00054149800193407959 -0.00065953334558493438 0.0013015009884197949 0.0033846905524842446 0.00026948415762233241 0.00087320892132667282
leaf_weight=25 24 23 36 11455 21 187 20 39 698 1639 46282 2963 532 153804 97666 20 520 3503 169 1017 1175 72 2114 57 3004 137 857 20 669 212
leaf_count=25 24 23 36 11455 21 187 20 39 698 1639 46282 2963 532 153804 97666 20 520 3503 169 1017 1175 72 2114 57 3004 137 857 20 669 212
internal_value=1.35772e-12 0.00253828 0.00874573 -9.79072e-06 0.0100074 0.0109811 0.012038 -2.50597e-05 0.00097598 0.000548548 -3.05852e-05 -4.30255e-05 0.000196044 -8.29589e-05 3.63763e-05 0.0070606 0.000258759 0.000120986 0.00110617 0.000920847 0.000647319 0.000706568 -8.46538e-05 0.000554098 0.000507374 0.00076381 0.00088921 -0.000269607 0.000609675 0.00141104
internal_weight=328960 1264 288 327696 252 228 207 318973 1751 8723 317222 300715 16507 200086 100629 59 5740 14958 2983 1549 1344 976 2654 3086 3029 1692 1555 2134 953 284
internal_count=328960 1264 288 327696 252 228 207 318973 1751 8723 317222 300715 16507 200086 100629 59 5740 14958 2983 1549 1344 976 2654 3086 3029 1692 1555 2134 953 284
is_linear=0
shrinkage=0.05


Tree=9
num_leaves=31
num_cat=0
split_feature=2 0 20 11 0 6 6 3 14 9 9 11 14 4 13 13 20 13 15 15 19 0 4 6 6 0 19 13 5 15
split_gain=2.95123 7.30883 1.04863 0.994912 0.955698 0.569447 0.699719 0.830755 0.387043 0.374164 0.297392 0.275214 0.231652 0.217114 0.214232 0.213665 0.202828 0.376673 0.377613 0.222365 0.203727 0.202562 0.362823 0.180964 0.170299 0.180332 0.164402 0.207283 0.178925 0.147411
threshold=0.15523051000000002 0.36826585000000006 0.54875847500000019 -0.14245915999999997 1.2699618500000003 20.725000000000005 7.7810000000000015 0.18069435500000003 1.0104904000000003 -0.020700350999999995 -0.022400537499999994 0.043220611500000006 0.94214218000000016 -0.13278348499999995 0.66439225000000013 0.77962291500000014 0.74263155500000011 0.52057940000000014 1.9673175000000003 4.2673728500000001 0.92599110000000018 0.82337495500000013 0.042667569500000009 16.149000000000004 16.073000000000004 11.827110500000002 0.36633984500000005 0.69318337000000019 -0.20590267499999995 6.3099252000000012
decision_type=2 2 2 2 2 2 2 2 2 2 2 2 2 2 2 2 2 2 2 2 2 2 2 2 2 2 2 2 2 2
left_child=3 5 4 9 23 6 -2 -8 10 26 11 13 29 -5 -11 -16 19 18 -18 20 -10 -12 -23 -3 -6 -26 27 28 -1 -4
right_child=1 2 12 8 24 -7 7 -9 16 14 21 -13 -14 -15 15 -17 17 -19 -20 -21 -22 22 -24 -25 25 -27 -28 -29 -30 -31
leaf_value=0.00084066757768292994 0.0099500383902341137 0.0085047708591446287 0.005082722655667264 0.00045182010311902387 -0.00028359488983239448 0.0093454031584163499 0.015201040964374052 0.028025782529426658 3.2564473629548553e-05 6.636004529095322e-05 -5.9057202909064334e-05 0.00035074186122018773 0.00054146240849958847 -7.1885816105060274e-05 0.0015671295731075185 -0.00029056788763754364 0.00014669455278575744 -2.8240009699603073e-05 0.0006701652227763138 -0.00078873171893280563 -0.00026777502223458699 -0.000257209797201919 2.2511536054346791e-05 0.014830975770018996 0.0074719700651864219 0.0019358523937530424 0.0014630439273138856 0.0015332503449127007 0.00030911881543462975 0.00028345956234261395
leaf_weight=2303 20 26 48 2226 35 27 28 23 80361 8466 110010 6979 951 17838 482 228 9917 14415 5279 877 6073 39812 16355 20 24 38 516 494 5065 24
leaf_count=2303 20 26 48 2226 35 27 28 23 80361 8466 110010 6979 951 17838 482 228 9917 14415 5279 877 6073 39812 16355 20 24 38 516 494 5065 24
internal_value=-1.22555e-12 0.00241136 0.0013091 -9.30118e-06 0.00531963 0.015526 0.0178764 0.0209847 -3.00281e-05 0.000356899 -7.34782e-05 8.02899e-05 0.000748489 -1.37833e-05 0.000136324 0.000970573 4.17756e-05 0.000154858 0.000328545 3.42452e-06 1.14621e-05 -9.85019e-05 -0.000175759 0.0112553 0.00250478 0.00407887 0.000598484 0.000541741 0.000475264 0.00348297
internal_weight=328960 1264 1166 327696 143 98 71 51 310142 17554 193220 27043 1023 20064 9176 710 116922 29611 15196 87311 86434 166177 56167 46 97 62 8378 7862 7368 72
internal_count=328960 1264 1166 327696 143 98 71 51 310142 17554 193220 27043 1023 20064 9176 710 116922 29611 15196 87311 86434 166177 56167 46 97 62 8378 7862 7368 72
is_linear=0
shrinkage=0.05


Tree=10
num_leaves=31
num_cat=0
split_feature=2 0 12 11 0 1 1 0 3 16 0 9 19 8 14 13 20 14 12 18 6 0 12 2 12 6 13 17 19 18
split_gain=2.66349 6.59622 1.00129 0.913284 0.870847 0.653542 0.621998 0.89538 0.354373 0.42901 0.285966 0.27843 0.274581 0.224621 0.208561 0.194053 0.207584 0.190009 0.187221 0.357198 0.184216 0.190504 0.174775 0.169049 0.14155 0.139942 0.119812 0.118054 0.167318 0.144916
threshold=0.15523051000000002 0.36826585000000006 0.40938541500000009 -0.17444697999999997 1.2699618500000003 0.10007797 0.099615935000000017 0.23699941500000002 -0.047335306999999993 0.63437668500000022 0.21616947500000003 -0.032954771999999993 0.35009025000000005 12.065583000000002 0.94214218000000016 0.48497883000000003 0.75042662000000016 0.39495405500000008 0.39573686000000002 0.63597411500000012 16.073000000000004 11.827110500000002 0.46333708000000007 0.011408606750000003 0.97043767000000003 16.149000000000004 0.51038065000000021 0.26839532000000005 0.17087121000000002 0.03818119200000001
decision_type=2 2 2 2 2 2 2 2 2 2 2 2 2 2 2 2 2 2 2 2 2 2 2 2 2 2 2 2 2 2
left_child=3 5 4 11 25 10 8 -8 18 13 -2 17 -11 -10 -4 16 22 -1 26 -20 -6 -22 -13 -9 -17 -3 -5 28 -19 -29
right_child=1 2 14 6 20 -7 7 23 9 12 -12 15 -14 -15 -16 24 -18 27 19 -21 21 -23 -24 -25 -26 -27 -28 29 -30 -31
leaf_value=-0.0028500349605123381 0.014890948150839127 0.0084780972823500639 0.0033088198521404088 -5.328279660547042e-05 -0.00082760620781959122 0.019564075249164911 0.011440820532152431 0.0036350860845642259 -3.9476338219433972e-05 0.00040759594457663134 0.0078068181422763852 -7.7842613691399569e-05 1.0127589566088637e-05 -0.00015734689281017035 0.00051859083865978971 0.00050412434622550931 -0.00086855265094816546 0.00022265087984217198 0.00016879538648117141 0.0021226560455249719 0.0076044769066831346 0.0018390596868764415 0.00096198676981005355 0.00071245169995036157 0.0039561762862528362 0.014089426845312121 0.00053475154039246242 0.00060577983873004036 0.0012784665735719183 0.0014911102961336943
leaf_weight=35 28 25 72 16910 29 41 20 51 76882 4532 29 1597 105393 85221 959 2929 598 1195 26505 236 23 38 541 1657 30 20 913 790 547 1114
leaf_count=35 28 25 72 16910 29 41 20 51 76882 4532 29 1597 105393 85221 959 2929 598 1195 26505 236 23 38 541 1657 30 20 913 790 547 1114
internal_value=-2.22792e-13 0.00229079 0.00124365 -8.83612e-06 0.0052928 0.0147497 -2.31618e-05 0.000922881 -2.83254e-05 -4.97363e-05 0.0112867 0.000477527 2.65145e-05 -0.000101443 0.000713447 0.000258471 -4.50564e-05 0.000816436 0.000102372 0.000186039 0.00245319 0.00401291 0.000185276 0.00079972 0.000539123 0.010972 -2.31602e-05 0.000851632 0.000554184 0.00112377
internal_weight=328960 1264 1166 327696 135 98 318320 1728 316592 272028 57 9376 109925 162103 1031 5695 2736 3681 44564 26741 90 61 2138 1708 2959 45 17823 3646 1742 1904
internal_count=328960 1264 1166 327696 135 98 318320 1728 316592 272028 57 9376 109925 162103 1031 5695 2736 3681 44564 26741 90 61 2138 1708 2959 45 17823 3646 1742 1904
is_linear=0
shrinkage=0.05


Tree=11
num_leaves=31
num_cat=0
split_feature=2 14 15 10 19 4 4 6 10 16 10 7 7 6 16 10 12 20 12 20 6 8 8 4 13 18 6 6 13 12
split_gain=2.4038 4.26103 1.44616 0.882245 0.54758 0.355361 0.340991 0.924357 0.260446 0.430415 0.246166 0.240262 0.231527 0.298069 0.22836 0.250503 0.22368 0.294222 0.456468 0.272924 0.250792 0.199454 0.175 0.168092 0.16641 0.193606 0.149366 0.239069 0.139083 0.172584
threshold=0.15523051000000002 0.96561727500000016 1.0279017500000001 -0.092621987499999989 0.14700611500000002 0.040744035000000005 0.23789920500000003 19.545000000000005 -0.036083684999999997 0.28524566000000007 -0.15628770999999997 34.690000000000005 13.515250000000002 9.219000000000003 0.37650501000000008 -0.016849375999999996 0.85000330000000013 0.95246786000000017 0.77737827500000012 0.96434926500000007 5.2470000000000008 11.925583500000002 15.730083000000002 0.13578101000000001 0.55319998500000012 0.025846164000000001 16.149000000000004 41.769000000000013 0.47943664000000003 0.44833453500000003
decision_type=2 2 2 2 2 2 2 2 2 2 2 2 2 2 2 2 2 2 2 2 2 2 2 2 2 2 2 2 2 2
left_child=3 2 6 4 10 8 26 -8 9 11 24 -5 13 -4 22 -16 17 18 -7 -18 -21 -11 -10 -19 25 -1 -2 -28 29 -6
right_child=1 -3 12 5 28 16 7 -9 14 21 -12 -13 -14 -15 15 -17 19 23 -20 20 -22 -23 -24 -25 -26 -27 27 -29 -30 -31
leaf_value=0.00022644821930914113 0.0074475369198578542 0.0005815580641170381 0.00018873717868700624 4.2225043793271591e-05 0.00078845455220611618 5.4057722412667177e-05 0.020475227075318497 0.0076590400665094531 -0.00010548358879069681 0.00083264542378512637 8.3487087405340597e-05 -0.00021114094230914265 -0.00061292949641599903 0.0086226098451086079 0.00026575970248095488 -6.6728283678334839e-05 -0.0021805597417512588 0.00014725986558128057 -0.0014751832014485121 0.0031035450348665694 -0.00040391461108822165 0.000230209960635241 -0.00028171074070302453 0.00068829387755733353 0.00024459243738820911 0.0015758700393716551 0.014752571035309562 0.0072941911146203482 0.00047927401894665871 0.0016716388374218812
leaf_weight=419 107 971 20 39733 1528 79225 24 34 38862 1985 10132 12239 43 22 6009 98963 216 2899 491 53 1327 4463 22098 2844 1227 727 21 22 1389 867
leaf_count=419 107 971 20 39733 1528 79225 24 34 38862 1985 10132 12239 43 22 6009 98963 216 2899 491 53 1327 4463 22098 2844 1227 727 21 22 1389 867
internal_value=-2.57374e-12 0.00217625 0.00746106 -8.39432e-06 0.000350318 -2.71577e-05 0.00970661 0.0129623 -6.04293e-05 3.03629e-05 0.000190847 -1.74407e-05 0.00196607 0.00460648 -9.23946e-05 -4.76954e-05 5.85873e-05 6.954e-05 4.46386e-05 -0.000527887 -0.000269208 0.000415668 -0.000169366 0.000415186 0.000649243 0.0010825 0.00844775 0.0109367 0.000877321 0.00110817
internal_weight=328960 1264 293 327696 16289 311407 208 58 224352 58420 12505 51972 85 42 165932 104972 87055 85459 79716 1596 1380 6448 60960 5743 2373 1146 150 43 3784 2395
internal_count=328960 1264 293 327696 16289 311407 208 58 224352 58420 12505 51972 85 42 165932 104972 87055 85459 79716 1596 1380 6448 60960 5743 2373 1146 150 43 3784 2395
is_linear=0
shrinkage=0.05


Tree=12
num_leaves=31
num_cat=0
split_feature=1 0 7 8 11 9 0 0 12 3 0 9 8 20 2 0 12 12 2 6 15 5 13 13 7 7 6 19 2 19
split_gain=2.22947 5.10109 1.65166 2.27213 0.799382 0.571106 0.688595 0.342686 0.308672 0.31491 0.582578 0.304006 0.290408 0.378162 0.431141 0.894571 0.301316 0.286828 0.285775 0.252154 0.206021 0.192595 0.182881 0.191552 0.155523 0.154369 0.253017 0.336873 0.15638 0.151351
threshold=0.099615935000000017 0.53941260000000002 17.783750000000001 10.349666750000003 -0.14245915999999997 0.1145170075 0.11406368300000001 0.33115713500000005 0.45261292500000005 0.18069435500000003 9.8222330000000024 -0.020700350999999995 80.286085000000014 0.50173615000000005 0.15523051000000002 1.8500024000000004 0.40153483000000006 0.34672260000000005 -0.041464591499999995 13.767000000000001 1.0603696500000002 0.015919610000000004 0.66439225000000013 0.77962291500000014 79.926500000000019 13.075750000000001 9.219000000000003 0.97932456500000009 0.011408606750000003 0.36633984500000005
decision_type=2 2 2 2 2 2 2 2 2 2 2 2 2 2 2 2 2 2 2 2 2 2 2 2 2 2 2 2 2 2
left_child=4 2 3 -2 11 6 -5 -7 9 -3 19 29 13 14 16 -16 -6 24 -19 -11 21 -14 -13 -24 -15 26 -10 -28 -27 -1
right_child=1 8 -4 5 12 7 -8 -9 25 10 -12 22 20 17 15 -17 -18 18 -20 -21 -22 -23 23 -25 -26 28 27 -29 -30 -31
leaf_value=0.00048045837669745775 -0.00080434728856198503 0.0014047607741231333 -0.00071138627827167517 0.017945762120542073 -8.9597468129400928e-05 0.022020758776680419 0.0051414221658238344 0.014179407682439145 0.00056401190242094147 0.0034084415837423877 -0.001401098671097619 5.3210708903213096e-05 -0.00028388149829065796 0.00022808826220901892 0.01276357574388385 -0.00088812339430054035 0.00018839290498479956 0.00021772748427864591 -1.3934569888896287e-05 0.010410577567462396 -0.00039130499075933187 0.00014285984523658605 0.0014601305131452997 -0.00031238038268221709 0.0025897785256633402 0.0046622024427744602 0.00091291206315093272 0.0045739422950039936 0.00031320598432144466 0.0013644362576792624
leaf_weight=7862 25 200 28 21 146799 38 21 22 428 20 24 8425 5185 16759 20 30 10441 15359 99902 36 9042 5395 477 224 70 21 140 114 1316 516
leaf_count=7862 25 200 28 21 146799 38 21 22 428 20 24 8425 5185 16759 20 30 10441 15359 99902 36 9042 5395 477 224 70 21 140 114 1316 516
internal_value=-1.57966e-13 0.00150144 0.0102809 0.0127044 -1.12847e-05 0.0160154 0.0115436 0.0191456 0.000909524 0.00246527 0.00511654 0.000317426 -2.99052e-05 -1.72831e-05 -6.96623e-05 0.00457256 -7.11384e-05 4.5089e-05 1.69353e-05 0.00790981 -0.000216052 -6.62757e-05 0.000117774 0.000893736 0.000237912 0.000693769 0.00130592 0.00255605 0.000381515 0.000534902
internal_weight=328960 2454 155 127 326506 102 42 60 2299 280 80 17504 309002 289380 157290 50 157240 132090 115261 56 19622 10580 9126 701 16829 2019 682 254 1337 8378
internal_count=328960 2454 155 127 326506 102 42 60 2299 280 80 17504 309002 289380 157290 50 157240 132090 115261 56 19622 10580 9126 701 16829 2019 682 254 1337 8378
is_linear=0
shrinkage=0.05


Tree=13
num_leaves=31
num_cat=0
split_feature=1 12 10 14 7 6 19 2 2 20 12 12 20 2 8 7 12 5 13 9 2 3 10 13 6 6 4 6 1 5
split_gain=2.0121 3.3845 0.750096 0.558695 0.721202 1.47072 0.494994 0.4522 0.535382 0.266169 0.327206 0.299562 0.389639 0.294935 0.210146 0.41445 0.395371 0.331912 0.176425 0.164913 0.161996 0.15378 0.148152 0.147222 0.139514 0.356095 0.124019 0.173079 0.119527 0.112652
threshold=0.099615935000000017 0.37587370000000003 -0.11518648499999999 0.74609703000000016 12.58975 9.219000000000003 0.074008867500000006 0.15523051000000002 0.025807772500000003 0.40747082000000007 0.27049775500000006 0.81795037000000004 0.96434926500000007 -0.03544983799999999 15.730083000000002 13.075750000000001 0.36875368500000005 -0.035765708999999993 0.47943664000000003 -0.0057137593499999991 0.035581324000000004 0.20698681500000002 -0.15628770999999997 0.54704040000000009 16.149000000000004 27.104000000000003 0.11742752000000002 43.336000000000006 0.10007797 -0.0098599572499999972
decision_type=2 2 2 2 2 2 2 2 2 2 2 2 2 2 2 2 2 2 2 2 2 2 2 2 2 2 2 2 2 2
left_child=2 7 6 4 5 -3 22 8 -2 14 -11 13 -13 -12 16 17 20 -16 -8 -18 -4 -6 -1 26 28 -26 -5 -28 -9 -17
right_child=1 3 9 23 21 -7 18 24 -10 10 11 12 -14 -15 15 29 19 -19 -20 -21 -22 -23 -24 -25 25 -27 27 -29 -30 -31
leaf_value=0.00051415866481793651 0.008584043383598328 0.0010446839736687253 -7.6210221122343774e-05 0.00041697663389017744 0.0028131088217426287 0.018835155714658047 0.0013181463666056979 0.0049509944436563688 -0.00024778711703146581 0.00039683639549084344 0.00017209597498725197 -0.0013088272785164148 -0.0001549582018211779 -1.2800053859304511e-05 -0.00025330557030000232 -0.00020873449257198043 0.00076253826611426419 -0.0013447982558112245 0.00054441181398520234 0.00017679759640879989 0.00027314137142208788 -0.0022361605875194073 -1.5335154508689641e-05 0.0002007512084476536 0.015134974781423808 0.0078264726579654956 0.0018369835302836292 -0.00031745508286543816 0.0088128845663923844 -3.3449943897315056e-05
leaf_weight=2065 32 26 81588 472 38 21 1638 33 37 5443 25109 943 3264 152942 1499 20292 1867 1301 1339 3372 3459 25 3667 976 25 50 556 112 51 16718
leaf_count=2065 32 26 81588 472 38 21 1638 33 37 5443 25109 943 3264 152942 1499 20292 1867 1301 1339 3372 3459 25 3667 976 25 50 556 112 51 16718
internal_value=-4.46126e-13 0.00142637 -1.07205e-05 0.000832097 0.00430631 0.00899362 0.000447077 0.00722833 0.00384813 -2.32661e-05 1.48292e-05 3.42089e-06 -0.000413598 1.32742e-05 -7.82297e-05 -0.00017393 -3.60324e-05 -0.00076046 0.000970135 0.000385535 -6.20015e-05 0.00080943 0.000175419 0.000651491 0.00869521 0.0102626 0.00103739 0.00147576 0.00729571 -0.000129556
internal_weight=328960 2454 326506 2226 110 47 8709 228 69 317797 187701 182258 4207 178051 130096 39810 90286 2800 2977 5239 85047 63 5732 2116 159 75 1140 668 84 37010
internal_count=328960 2454 326506 2226 110 47 8709 228 69 317797 187701 182258 4207 178051 130096 39810 90286 2800 2977 5239 85047 63 5732 2116 159 75 1140 668 84 37010
is_linear=0
shrinkage=0.05


Tree=14
num_leaves=31
num_cat=0
split_feature=1 12 11 14 15 3 14 14 1 6 12 9 11 9 3 12 5 18 8 3 13 20 20 13 13 8 13 19 20 14
split_gain=1.81592 3.05451 0.68683 0.504223 0.858685 0.335889 0.30016 0.275373 0.389841 0.639303 0.418626 0.257974 0.304908 0.257363 0.238319 0.236451 0.23378 0.288336 0.267005 0.175154 0.16531 0.289944 0.169695 0.164486 0.172741 0.160192 0.146911 0.180199 0.17768 0.139834
threshold=0.099615935000000017 0.37587370000000003 -0.14245915999999997 0.74609703000000016 1.3129053000000004 0.25114998000000005 0.61728480000000008 1.1942491500000003 0.086454112000000014 16.915000000000003 0.48442844000000007 -0.022400537499999994 0.043220611500000006 -0.020700350999999995 -1.0000000180025095e-35 0.79521075000000008 0.54882355000000016 0.99569890000000016 4.9994167000000012 0.20698681500000002 0.52557761500000011 0.74263155500000011 0.85220377500000011 0.66439225000000013 0.77962291500000014 3.2339166500000007 0.69318337000000019 0.36633984500000005 0.98290591500000013 1.1281805500000004
decision_type=2 2 2 2 2 2 2 2 2 2 2 2 2 2 2 2 2 2 2 2 2 2 2 2 2 2 2 2 2 2
left_child=2 5 13 4 -3 14 19 8 11 10 -10 12 -4 26 -2 -13 20 25 -19 -6 21 -9 -22 -15 -25 -18 27 28 -1 -11
right_child=1 3 7 -5 6 -7 -8 16 9 29 -12 15 -14 23 -16 -17 17 18 -20 -21 22 -23 -24 24 -26 -27 -28 -29 -30 -31
leaf_value=0.00041163889756639375 0.0061145920446142553 0.01346223133339663 -1.6133484882259662e-05 0.00061891603934116971 0.0031261346750677782 0.0089257760764152368 0.0061963495521075822 4.6453935279600577e-05 0.0094140786536489052 -0.0021286827277734446 0.0026831200798404973 -7.110930672675493e-05 0.00032939287463298086 4.9579172838808838e-05 0.00036658134892852767 -0.00055650939895716099 0.0025708665655526735 -0.0039796677862548018 0.0020636824222391523 -0.0022916795669256579 -0.00036812209940038833 0.0003348822582556591 4.9248440006850393e-05 0.0013845771160728266 -0.00029865495884483348 -0.0019183247625384151 0.0013101993286481009 0.0013673178642428076 -0.0014676341664880965 0.0026354537904262547
leaf_weight=7240 100 20 24804 2116 26 106 29 53351 33 67 77 198561 8598 8425 22 2541 21 22 108 35 4180 10414 5835 477 224 370 518 492 128 20
leaf_count=7240 100 20 24804 2116 26 106 29 53351 33 67 77 198561 8598 8425 22 2541 21 22 108 35 4180 10414 5835 477 224 370 518 492 128 20
internal_value=1.27145e-13 0.00135505 -1.01845e-05 0.000790492 0.004091 0.00686691 0.0020085 -2.74443e-05 -5.4002e-05 0.0021693 0.00470241 -5.58698e-05 7.28084e-05 0.000294508 0.00507807 -7.72425e-05 5.64457e-05 -0.000998977 0.00104096 1.75527e-05 6.38986e-05 9.35596e-05 -0.000124951 0.00011081 0.000846711 -0.00167722 0.000494606 0.000440856 0.000378991 -0.00103348
internal_weight=328960 2454 326506 2226 110 228 90 309002 234701 197 110 234504 33402 17504 122 201102 74301 521 130 61 73780 63765 10015 9126 701 391 8378 7860 7368 87
internal_count=328960 2454 326506 2226 110 228 90 309002 234701 197 110 234504 33402 17504 122 201102 74301 521 130 61 73780 63765 10015 9126 701 391 8378 7860 7368 87
is_linear=0
shrinkage=0.05


Tree=15
num_leaves=31
num_cat=0
split_feature=2 0 10 19 0 18 1 1 0 11 16 10 19 2 2 19 2 15 19 0 11 13 8 7 19 17 13 15 18 1
split_gain=1.6751 4.64313 0.65592 0.567693 0.533595 0.894007 0.504598 0.409942 0.651851 0.392503 0.295857 0.289972 0.282694 0.288434 0.266543 0.244742 0.231954 0.263429 0.254842 0.218655 0.207985 0.168623 0.158888 0.153558 0.143546 0.180896 0.136898 0.209611 0.15988 0.135553
threshold=0.15523051000000002 0.36826585000000006 -0.068611612499999988 0.20669655500000003 1.6697984000000001 0.99569890000000016 0.10007797 0.099615935000000017 0.23699941500000002 0.12825349000000003 0.63858405000000007 -0.12716108499999998 0.3021429650000001 0.021380101000000002 -0.010785472499999999 0.030123801000000002 -0.063557614999999984 0.99858692000000004 0.50887316500000013 0.21616947500000003 -0.21850954999999997 0.38624662500000007 92.569085000000015 32.328250000000004 0.52854425000000005 0.13811589000000005 0.71821207500000017 10.043685000000002 0.9913978200000001 -0.09495722999999999
decision_type=2 2 2 2 2 2 2 2 2 2 2 2 2 2 2 2 2 2 2 2 2 2 2 2 2 2 2 2 2 2
left_child=2 6 3 11 5 -3 19 10 -9 -7 16 15 13 -12 -14 22 18 -18 -4 -2 -5 -17 -1 29 25 -22 27 -6 -29 -13
right_child=1 4 7 20 26 9 -8 8 -10 -11 12 23 14 -15 -16 21 17 -19 -20 -21 24 -23 -24 -25 -26 -27 -28 28 -30 -31
leaf_value=-6.487058953098312e-05 0.012378346693835088 -0.000129534469844846 -1.2869872782543264e-05 0.0021784937180885778 0.00055821096760709239 0.011013433252288124 0.016499956953907158 0.0097134444466792057 0.00063383240944706314 0.0038731945341600009 0.0002626390755217965 -0.0017058552006560873 0.0001965506868094265 0.001480520844012374 -1.7887700206869805e-05 0.0014788401741529873 -3.7068168233797266e-05 -0.00016325871396911877 0.00075348525594092495 0.0061838055157969743 -0.00030891838883690071 0.0005387127524605573 0.0010268752921263797 -0.00018840157050792472 0.0013263506583854523 0.00059051201647573534 -0.00084134656031099636 0.0064842351419092323 0.0012214193751494732 0.00012441425728649215
leaf_weight=2480 28 77 2870 207 798 39 41 20 1701 38 2442 102 17290 607 89518 601 115555 64409 1744 29 625 2311 385 6646 570 5296 156 27 31 12317
leaf_count=2480 28 77 2870 207 798 39 41 20 1701 38 2442 102 17290 607 89518 601 115555 64409 1744 29 625 2311 385 6646 570 5296 156 27 31 12317
internal_value=1.82164e-13 0.00181669 -7.00739e-06 0.000209758 0.00093814 0.00368007 0.0122696 -3.00924e-05 0.000739348 0.00748968 -3.45899e-05 9.961e-05 3.0377e-05 0.000505097 1.68254e-05 0.000409939 -7.32568e-05 -8.22317e-05 0.000276797 0.00922674 0.000618281 0.000732743 8.18387e-05 5.57547e-06 0.000568525 0.000495571 0.00052089 0.000769148 0.00367135 0.000109382
internal_weight=328960 1264 327696 31540 1166 154 98 296156 1721 77 294435 24842 109857 3049 106808 5777 184578 179964 4614 57 6698 2912 2865 19065 6491 5921 1012 856 58 12419
internal_count=328960 1264 327696 31540 1166 154 98 296156 1721 77 294435 24842 109857 3049 106808 5777 184578 179964 4614 57 6698 2912 2865 19065 6491 5921 1012 856 58 12419
is_linear=0
shrinkage=0.05


Tree=16
num_leaves=31
num_cat=0
split_feature=2 0 11 0 18 6 6 3 11 12 20 15 20 7 13 4 12 10 12 9 12 6 19 12 18 0 4 7 12 13
split_gain=1.51177 4.19042 0.610308 0.48157 0.806841 0.427221 0.486122 0.629762 0.354234 0.262742 0.436814 0.361571 0.335682 0.333807 0.615786 0.288041 0.318077 0.260482 0.205813 0.197711 0.190325 0.157871 0.15332 0.150399 0.148709 0.295423 0.148419 0.135588 0.132279 0.124012
threshold=0.15523051000000002 0.36826585000000006 -0.17444697999999997 1.6697984000000001 0.99569890000000016 20.725000000000005 7.7810000000000015 0.18069435500000003 0.12825349000000003 0.81795037000000004 0.91395645000000014 5.5985777000000008 0.96434926500000007 4.8967500000000008 0.63051970000000013 0.18444562000000003 0.53681470000000009 -0.068611612499999988 0.89321780500000003 -0.031439432499999996 0.6693013000000001 4.1850000000000014 0.10658751200000001 0.55325968500000011 0.021826120500000001 0.41016441500000006 -0.075784779999999982 310.06450000000007 0.89321780500000003 0.73633775000000012
decision_type=2 2 2 2 2 2 2 2 2 2 2 2 2 2 2 2 2 2 2 2 2 2 2 2 2 2 2 2 2 2
left_child=2 5 18 4 -3 6 -2 -8 -6 10 11 17 26 14 -14 16 -12 -4 19 24 -13 -17 -21 -24 25 -1 28 -15 -11 -5
right_child=1 3 9 29 8 -7 7 -9 -10 12 15 20 13 27 -16 21 -18 -19 -20 22 -22 -23 23 -25 -26 -27 -28 -29 -30 -31
leaf_value=-0.0057980478929710536 0.0070852516405284409 -0.0001230577138470268 0.00015054712158239965 0.00071478108522165769 0.010462761480504505 0.0063027269206941128 0.011247117817401887 0.022413184959441425 0.0036795347788077049 -0.00069441391613439313 0.00070468143252366833 -0.00033351601536213307 -0.00078499226837192438 -0.00022931692922818905 0.0060003359404633009 0.0028744762095098114 5.8453405969579125e-05 -3.516573828229714e-05 0.0028849033365542891 -9.9063864856361762e-05 -0.001219836784552526 0.00060793993323553523 0.00018994003697410603 0.00097667900308286257 0.00081212572122065299 0.00020815641139283709 -0.0015748406982920128 -0.0043580311855475886 0.0022047893431994857 -0.00089808013290166861
leaf_weight=21 20 77 20316 874 39 27 28 23 38 313 2151 3581 74 3465 61 79 16592 267377 82 2625 729 2794 1992 874 2966 816 723 20 45 138
leaf_count=21 20 77 20316 874 39 27 28 23 38 313 2151 3581 74 3465 61 79 16592 267377 82 2625 729 2794 1992 874 2966 816 723 20 45 138
internal_value=2.50473e-13 0.00172585 -6.65702e-06 0.000891233 0.00349607 0.0116561 0.0136919 0.0162828 0.0071152 -1.83678e-05 -1.28062e-05 -2.88613e-05 -0.000389398 -0.000158512 0.00228097 0.000204076 0.000132616 -2.20513e-05 0.00039093 0.000368926 -0.00048343 0.000670264 0.000177005 0.00042986 0.000646032 5.74631e-05 -0.00116258 -0.000253011 -0.000329989 0.000494845
internal_weight=328960 1264 327696 1166 154 98 71 51 77 318320 313619 292003 4701 3620 135 21616 18743 287693 9376 9294 4310 2873 5491 2866 3803 837 1081 3485 358 1012
internal_count=328960 1264 327696 1166 154 98 71 51 77 318320 313619 292003 4701 3620 135 21616 18743 287693 9376 9294 4310 2873 5491 2866 3803 837 1081 3485 358 1012
is_linear=0
shrinkage=0.05


Tree=17
num_leaves=31
num_cat=0
split_feature=1 0 14 15 18 0 11 14 2 0 3 5 4 12 4 13 3 14 18 8 8 14 0 18 12 14 6 18 0 17
split_gain=1.39518 3.35974 1.33039 1.52365 0.560355 0.567895 0.547841 0.258761 0.551556 0.746636 0.283952 0.276466 0.232693 0.215727 0.300592 0.188862 0.2153 0.20833 0.176499 0.260711 0.171777 0.168677 0.160511 0.163455 0.157203 0.144678 0.141014 0.137771 0.135479 0.133827
threshold=0.099615935000000017 0.47057373500000005 0.33875902000000008 0.44946580000000008 0.9913978200000001 0.14738941000000003 -0.17444697999999997 1.0104904000000003 0.15523051000000002 5.7411102500000011 -0.027189828499999995 0.44966193500000007 0.16766795500000004 0.45261292500000005 0.19474095000000005 0.64211123000000014 -0.091310161999999986 0.39495405500000008 0.9913978200000001 4.9439167000000008 2.9814999500000003 0.74609703000000016 0.28399538500000004 0.77392967000000013 0.42935863000000002 0.61338182500000016 16.149000000000004 0.03818119200000001 3.9294128500000007 0.062828852500000018
decision_type=2 2 2 2 2 2 2 2 2 2 2 2 2 2 2 2 2 2 2 2 2 2 2 2 2 2 2 2 2 2
left_child=6 2 -2 -4 5 -5 15 8 10 -10 24 22 -12 14 -3 16 17 -1 20 -20 -13 25 -9 -24 -8 -15 -6 -19 -16 -17
right_child=1 13 3 4 26 -7 7 11 9 -11 12 18 -14 21 28 29 -18 27 19 -21 -22 -23 23 -25 -26 -27 -28 -29 -30 -31
leaf_value=-0.0040904583257582528 -0.0027469542309907931 0.0011328162035394269 1.9046605215407907e-05 0.014878072343500599 0.021228456795215608 0.0038466737815178935 -3.4860092031941653e-05 -0.00011603951416697277 0.0099864205243648044 -0.00081459470675326884 -0.00010416655598028359 0.0026749663700684325 0.00035346400547802938 0.0010712533867869448 0.0073033864334320249 -0.0030891123070614416 0.00010315117614017862 0.00025627801464200308 -0.0033472249039914457 0.00098229001535613046 -0.0010410426923706474 0.00046480445254897971 0.00011637536110751083 -1.3021955661945368e-05 0.00013164517370225563 0.0054115586659463592 0.015427493236281656 0.00098472758330011125 0.0028021175141579339 0.0010366495495869904
leaf_weight=23 21 223 25 28 20 20 32975 13415 32 32 137543 32 2835 48 32 20 5469 1094 40 266 1105 1948 64915 39109 24865 32 22 1596 35 1140
leaf_count=23 21 223 25 28 20 20 32975 13415 32 32 137543 32 2835 48 32 20 5469 1094 40 266 1105 1948 64915 39109 24865 32 22 1596 35 1140
internal_value=-6.96718e-13 0.00118774 0.00882561 0.0109389 0.0139721 0.0102817 -8.92698e-06 -2.00425e-05 -5.50124e-05 0.00458591 -5.65108e-05 3.82834e-05 -9.49245e-05 0.000739616 0.00201517 0.000368448 0.000283799 0.000647959 -0.000649586 0.00041634 -0.000936458 0.000557214 4.67354e-05 6.7727e-05 3.67193e-05 0.00280738 0.0181899 0.000688473 0.00495198 0.000965516
internal_weight=328960 2454 136 115 90 48 326506 317164 198282 64 198218 118882 140378 2318 290 9342 8182 2713 1443 306 1137 2028 117439 104024 57840 80 42 2690 67 1160
internal_count=328960 2454 136 115 90 48 326506 317164 198282 64 198218 118882 140378 2318 290 9342 8182 2713 1443 306 1137 2028 117439 104024 57840 80 42 2690 67 1160
is_linear=0
shrinkage=0.05


Tree=18
num_leaves=31
num_cat=0
split_feature=1 0 7 8 10 9 19 0 1 14 15 20 15 2 18 12 0 18 10 10 13 8 11 19 14 8 0 8 14 19
split_gain=1.25915 3.03414 1.26837 1.61911 0.517418 0.481931 0.455724 0.422669 0.407555 0.229051 0.213812 0.324506 0.343102 0.316262 0.256913 0.208127 0.271564 0.270634 0.219694 0.172318 0.154099 0.234143 0.20196 0.196779 0.152386 0.150459 0.146672 0.140251 0.130572 0.118367
threshold=0.099615935000000017 0.45903960000000005 17.783750000000001 10.349666750000003 -0.092621987499999989 0.1145170075 0.13451411000000005 0.10845234000000001 0.10007797 1.5117871000000003 6.797431200000001 0.85981355000000004 3.1466958500000004 0.15523051000000002 0.11412083300000002 0.45261292500000005 1.2397096000000001 0.99569890000000016 0.16577067500000001 -0.15628770999999997 0.5661579000000001 2.9209166500000001 0.0054554522000000013 0.54075663000000007 0.74609703000000016 2.6593333000000006 2.2757506000000007 56.961000000000006 0.61338182500000016 0.021699890000000003
decision_type=2 2 2 2 2 2 2 2 2 2 2 2 2 2 2 2 2 2 2 2 2 2 2 2 2 2 2 2 2 2
left_child=4 2 3 -2 6 7 19 -5 -7 10 11 13 -13 -6 -12 16 17 -3 -18 26 22 25 -11 -24 28 -22 29 -16 -17 -1
right_child=1 15 -4 5 9 8 -8 -9 -10 20 14 12 -14 -15 27 24 18 -19 -20 -21 21 -23 23 -25 -26 -27 -28 -29 -30 -31
leaf_value=0.00036350958232424994 -0.0020910405677568634 0.0016778635732147711 -0.0019329341720246401 0.014720292519778015 -5.2845827477094589e-05 0.012323088315315546 0.00071788970934667665 0.0044408351555466656 0.021444988638162615 -3.1419287301207244e-05 0.00030898049908198092 3.3396390852747478e-06 0.00035505468849887992 0.0037391004372726785 -0.00045250212991007643 0.0010176906650940509 0.00061646185920336384 0.0086937345253924533 0.0050724560933304019 1.8708567892813163e-05 0.0007939966145767681 -0.00031643906298741906 0.00058742621444573824 0.0001589515394291177 0.00044048155227644132 0.0062006002932321284 7.45288415818603e-05 -0.0014485886484412235 0.0051409806711490095 0.0013375295626616391
leaf_weight=604 20 28 24 20 239128 24 4160 20 25 12045 1111 21100 10328 55 3506 48 204 27 32 9756 31 2795 3198 16530 1950 22 1099 393 32 645
leaf_count=604 20 28 24 20 239128 24 4160 20 25 12045 1111 21100 10328 55 3506 48 204 27 32 9756 31 2795 3198 16530 1950 22 1099 393 32 645
internal_value=-3.3913e-13 0.00112835 0.00847286 0.010764 -8.48063e-06 0.0136528 0.000266424 0.00958056 0.0169771 -2.28921e-05 -3.81186e-05 -3.21265e-05 0.000118922 -5.19739e-05 -0.000361775 0.000707491 0.00195803 0.00512202 0.00122066 0.00011126 9.83274e-05 -0.00025401 0.000129909 0.000228409 0.000528226 0.00303825 0.000495815 -0.000552903 0.00266701 0.000866506
internal_weight=328960 2454 133 109 326506 89 16264 40 49 310242 275621 270611 31428 239183 5010 2321 291 55 236 12104 34621 2848 31773 19728 2030 53 2348 3899 80 1249
internal_count=328960 2454 133 109 326506 89 16264 40 49 310242 275621 270611 31428 239183 5010 2321 291 55 236 12104 34621 2848 31773 19728 2030 53 2348 3899 80 1249
is_linear=0
shrinkage=0.05


Tree=19
num_leaves=31
num_cat=0
split_feature=1 12 11 14 15 12 12 20 20 15 7 13 15 5 15 14 2 2 14 9 7 3 12 19 6 6 13 19 17 13
split_gain=1.13638 1.83904 0.478132 0.344608 0.661778 0.315834 0.253191 0.333107 0.325957 0.324823 0.307148 0.540406 0.267664 0.297229 0.294023 0.240743 0.224891 0.395177 0.220157 0.205076 0.169 0.167466 0.154247 0.199594 0.143035 0.211862 0.14054 0.134863 0.176618 0.123224
threshold=0.099615935000000017 0.37587370000000003 -0.12968243999999998 0.74609703000000016 1.3129053000000004 0.89321780500000003 0.81795037000000004 0.85981355000000004 0.96434926500000007 4.1352635000000006 4.8967500000000008 0.63051970000000013 3.0700221000000005 0.54882355000000016 6.3099252000000012 0.61728480000000008 0.15523051000000002 0.025807772500000003 1.6113993500000003 -0.017754802499999996 67.507250000000013 0.20698681500000002 0.49704611500000001 0.20669655500000003 16.149000000000004 27.104000000000003 0.67285314000000007 0.32612592000000001 0.024316598000000005 0.54704040000000009
decision_type=2 2 2 2 2 2 2 2 2 2 2 2 2 2 2 2 2 2 2 2 2 2 2 2 2 2 2 2 2 2
left_child=2 16 5 4 -3 19 7 9 26 18 11 -10 13 -9 -14 21 17 -2 -4 22 -12 -6 -1 -24 -18 -26 -8 -21 -29 -5
right_child=1 3 6 29 15 -7 8 12 10 -11 20 -13 14 -15 -16 -17 24 -19 -20 27 -22 -23 23 -25 25 -27 -28 28 -30 -31
leaf_value=0.00021326334938648523 0.0070338269171770669 0.011589317726902665 -4.3970426005949545e-05 0.00084507970774434955 0.0027907840422882989 0.0027530657082889612 -0.00064032869773669049 3.310542149276011e-05 -0.00069830125818649933 -0.00038808422143358622 -4.0870005547023575e-05 0.0057563630200062202 0.00043943525987778938 -0.0021501624446946558 -8.9636590272741202e-05 0.0052847401676538947 0.0049661959104317557 -0.00055394843204978957 0.00011734549214208171 -5.4434716929123748e-05 -0.00084107529875941103 -0.0025067935464903714 0.00043236828716616675 0.0013353449044512162 0.011728537519578822 0.0060912291891872883 -0.0018182658887328333 -0.0012950179631120709 0.00043424360050021765 7.9661548408962592e-05
leaf_weight=6994 32 20 234413 1140 26 122 549 22042 72 6471 2414 59 9954 157 3567 29 84 37 23248 8146 908 35 3249 754 25 50 470 156 2761 976
leaf_count=6994 32 20 234413 1140 26 122 549 22042 72 6471 2414 59 9954 157 3567 29 84 37 23248 8146 908 35 3249 754 25 50 470 156 2761 976
internal_value=3.05962e-13 0.00107194 -8.0566e-06 0.000633876 0.00336242 0.000216056 -2.4392e-05 -1.88224e-05 -0.000397839 -3.82024e-05 -0.000165945 0.00220876 0.000124483 1.76645e-05 0.00029986 0.00153422 0.00534878 0.00296502 -2.94154e-05 0.000202025 -0.00025959 -0.00024881 0.000354931 0.000602452 0.00638324 0.00797033 -0.00118364 5.00315e-05 0.000341763 0.000492032
internal_weight=328960 2454 326506 2226 110 22182 304324 299852 4472 264132 3453 131 35720 22199 13521 90 228 69 257661 22060 3322 61 10997 4003 159 75 1019 11063 2917 2116
internal_count=328960 2454 326506 2226 110 22182 304324 299852 4472 264132 3453 131 35720 22199 13521 90 228 69 257661 22060 3322 61 10997 4003 159 75 1019 11063 2917 2116
is_linear=0
shrinkage=0.05


Tree=20
num_leaves=31
num_cat=0
split_feature=2 0 10 0 18 19 7 1 4 1 2 0 4 12 20 8 20 7 15 0 13 10 0 9 4 13 15 7 20 5
split_gain=1.05485 3.00875 0.456574 0.40302 0.710833 0.398001 0.375868 0.283571 0.713489 0.264325 0.490578 0.506938 0.240551 0.221564 0.293316 0.290836 0.282897 0.24783 0.237257 0.154742 0.148305 0.126396 0.129767 0.124393 0.123083 0.105508 0.193768 0.153985 0.131022 0.127989
threshold=0.15523051000000002 0.33115713500000005 -0.11518648499999999 1.6697984000000001 0.99569890000000016 0.074008867500000006 11.134750000000002 0.10007797 0.19474095000000005 0.099615935000000017 0.0047744096500000012 1.9410276500000003 0.3655983000000001 0.81795037000000004 0.85220377500000011 15.569000000000001 0.96434926500000007 4.8967500000000008 3.1466958500000004 0.11406368300000001 0.47943664000000003 -0.15628770999999997 2.3161930000000006 0.095060122500000024 -0.075784779999999982 0.71821207500000017 10.043685000000002 12.752750000000001 0.98290591500000013 0.44966193500000007
decision_type=2 2 2 2 2 2 2 2 2 2 2 2 2 2 2 2 2 2 2 2 2 2 2 2 2 2 2 2 2 2
left_child=2 7 5 4 23 19 -6 8 -2 13 11 -11 -8 14 15 -4 24 -18 -16 -1 -7 22 -21 -3 -15 26 -5 -28 -27 -30
right_child=1 3 9 25 6 20 12 -9 -10 10 -12 -13 -14 16 18 -17 17 -19 -20 21 -22 -23 -24 -25 -26 28 27 -29 29 -31
leaf_value=-0.0039851113040324142 0.012818195670843125 -0.0034367446564947781 1.4802284170233597e-05 0.00041685118823651989 0.00062063501576300377 0.0011390785052085262 0.005358529815395527 0.013770548145597181 0.00088175855843084211 0.011551141431555154 0.00044103123017936254 0.0017601663366151163 0.011557293946629969 -0.00020144554146099837 2.4429013787701703e-05 -8.8700303210481165e-05 0.0020899578225522667 -0.00024517488257731746 0.00028244003518576209 0.00082451358906041614 0.00043050378336737427 -5.2127885203573593e-05 3.0575689644850055e-05 0.00093065737601136797 -0.0014962226482906184 -0.0029354699691329913 0.0063699600044637913 0.0011676567578406045 0.0020327573497888811 -0.0014332257772861213
leaf_weight=23 31 23 149244 798 22 1639 34 36 21 20 1692 39 29 251 25759 124481 118 3064 13622 1056 1344 3657 1004 56 683 49 25 33 50 57
leaf_count=23 31 23 149244 798 22 1639 34 36 21 20 1692 39 29 251 25759 124481 118 3064 13622 1056 1344 3657 1004 56 683 49 25 33 50 57
internal_value=-3.16088e-13 0.00144164 -5.56074e-06 0.00077433 0.00307364 0.000351329 0.00624712 0.0103593 0.00799771 -1.53207e-05 0.000597312 0.00507914 0.00821193 -1.87023e-05 -1.39112e-05 -3.22672e-05 -0.000383159 -0.00015858 0.000113676 0.000107856 0.000819828 0.000124323 0.000437565 -0.000340865 -0.00114827 0.000401714 0.00061966 0.00341003 -0.000794193 0.000186393
internal_weight=328960 1264 327696 1176 164 8723 85 88 52 318973 1751 59 63 317222 313106 273725 4116 3182 39381 5740 2983 5717 2060 79 934 1012 856 58 156 107
internal_count=328960 1264 327696 1176 164 8723 85 88 52 318973 1751 59 63 317222 313106 273725 4116 3182 39381 5740 2983 5717 2060 79 934 1012 856 58 156 107
is_linear=0
shrinkage=0.05


Tree=21
num_leaves=31
num_cat=0
split_feature=2 0 6 10 19 0 3 6 7 4 1 15 3 20 0 19 11 1 10 10 19 7 15 3 20 6 1 10 19 17
split_gain=0.952006 2.7154 0.475012 0.430698 0.501371 0.366506 0.446268 0.432617 0.459238 0.301263 0.260488 0.22542 0.359363 0.227213 0.292471 0.214261 0.209636 0.206643 0.206469 0.203814 0.167126 0.152409 0.151004 0.142682 0.133338 0.13091 0.130677 0.126181 0.124358 0.144729
threshold=0.15523051000000002 0.33115713500000005 16.073000000000004 -0.068611612499999988 0.21904477000000003 1.9103498000000003 0.25114998000000005 9.1050000000000022 16.517750000000003 0.040744035000000005 -0.0019415119999999996 0.95192702500000015 -0.027189828499999995 0.38733786500000006 1.8500024000000004 0.77796740000000009 0.038299765000000006 0.099615935000000017 -0.14380141999999999 0.13897231500000004 0.030123801000000002 32.328250000000004 2.3192272000000007 -0.12563442499999997 0.48349377500000007 20.725000000000005 -0.09495722999999999 0.077738120000000008 0.50528174500000012 0.13811589000000005
decision_type=2 2 2 2 2 2 2 2 2 2 2 2 2 2 2 2 2 2 2 2 2 2 2 2 2 2 2 2 2 2
left_child=3 2 -2 4 18 6 27 -8 -9 11 -11 13 16 -5 -15 19 -13 -17 20 -12 -1 26 -23 -6 -14 -4 -20 -3 29 -25
right_child=1 5 25 9 23 -7 7 8 -10 10 15 12 24 14 -16 17 -18 -19 21 -21 -22 22 -24 28 -26 -27 -28 -29 -30 -31
leaf_value=0.00011578205430823991 0.014822601767316944 -0.0020966286536456798 0.0092502074854564856 -6.6873214205822576e-05 0.0013484851923027475 0.00033123413399632003 -0.00058223416469991207 0.0095588226903391138 0.00079811723193242443 0.00017216954182428025 0.00014258236560197405 -6.9213880011205172e-05 -0.00032072457270971726 9.3265509667304531e-05 -0.00053922882035437102 -0.00010323746886617115 0.0002404609371687371 0.00056073006990501012 -0.0013151682625010715 -0.0011236518093464725 0.00079691507329243075 -0.00031240879366738287 0.00017862084388112624 -0.00034946157167894915 -0.00014660911865616751 0.0044212956763803966 0.00012634699606607915 0.0015992206847941918 0.0011354214154885441 0.00050873741709267452
leaf_weight=2014 31 34 32 85027 543 972 25 52 21 30425 19717 17621 16376 46802 1902 35362 7922 1212 159 323 1629 5324 2218 553 33467 25 14022 72 677 4401
leaf_count=2014 31 34 32 85027 543 972 25 52 21 30425 19717 17621 16376 46802 1902 35362 7922 1212 159 323 1629 5324 2218 553 33467 25 14022 72 677 4401
internal_value=3.61813e-13 0.00136956 0.00984136 -5.2827e-06 0.000170368 0.000735614 0.00266236 0.00509452 0.00703862 -2.39892e-05 5.41773e-05 -5.65237e-05 -0.000125666 -1.75474e-05 6.85652e-05 -9.23308e-06 2.68298e-05 -8.12347e-05 7.20177e-05 0.000122174 0.000420357 1.36004e-05 -0.000168004 0.000574443 -0.000203815 0.00713226 0.000110184 0.00041376 0.000499801 0.000412939
internal_weight=328960 1264 88 327696 31540 1176 204 98 73 296156 87039 209117 75386 133731 48704 56614 25543 36574 25366 20040 3643 21723 7542 6174 49843 57 14181 106 5631 4954
internal_count=328960 1264 88 327696 31540 1176 204 98 73 296156 87039 209117 75386 133731 48704 56614 25543 36574 25366 20040 3643 21723 7542 6174 49843 57 14181 106 5631 4954
is_linear=0
shrinkage=0.05


Tree=22
num_leaves=31
num_cat=0
split_feature=2 0 6 11 0 18 6 7 14 12 20 18 3 15 4 12 20 7 0 13 20 12 14 3 14 6 9 16 7 8
split_gain=0.859186 2.45065 0.428698 0.409201 0.330772 0.553994 0.329402 0.431528 0.234025 0.233099 0.238624 0.229816 0.223234 0.221533 0.362854 0.216066 0.203281 0.221486 0.177287 0.172738 0.158849 0.226463 0.225489 0.218269 0.127492 0.118147 0.115792 0.113607 0.11177 0.105165
threshold=0.15523051000000002 0.33115713500000005 16.073000000000004 -0.18033800999999997 1.9103498000000003 0.9913978200000001 9.1050000000000022 16.517750000000003 1.0104904000000003 0.77737827500000012 0.74263155500000011 0.90944138000000008 -0.027189828499999995 1.0820651500000003 0.056771245000000005 0.89321780500000003 0.96434926500000007 3.6287500000000006 1.3325602500000002 0.52057940000000014 0.97920272500000005 0.57502565000000005 0.47518386500000004 -0.088075222999999994 0.51567395000000016 20.725000000000005 -0.020700350999999995 0.66418562000000014 67.507250000000013 5.4467498500000007
decision_type=2 2 2 2 2 2 2 2 2 2 2 2 2 2 2 2 2 2 2 2 2 2 2 2 2 2 2 2 2 2
left_child=3 2 -2 15 5 -3 -7 -8 12 10 11 -10 24 18 -15 20 29 -18 -14 -12 21 23 -22 -1 26 -4 -5 -26 -24 -11
right_child=1 4 25 8 -6 6 7 -9 9 16 19 -13 13 14 -16 -17 17 -19 -20 -21 22 -23 28 -25 27 -27 -28 -29 -30 -31
leaf_value=0.00061681304654899916 0.014081471705538851 -0.00010202651146665621 0.0087876970272191112 0.00047679677552702544 0.00031467244679943892 -2.0639687621345124e-05 0.0092561934376135472 0.0013918298466775855 3.8804447741254869e-05 -0.0029110414503072074 0.00029092435996453975 -0.00022314357823142702 -2.6608112120007262e-05 -0.00025085058584449179 6.3730237437578999e-05 0.0030324549321399854 0.0033268013808669321 -0.0002260098140738513 -0.00051750592868403465 4.1818457622468455e-05 -0.0048979098489508035 0.00081245304832295575 -0.00068297313792890627 -2.5388601270519551e-05 -9.457531036423735e-06 0.0042002307474613195 7.9123283237993343e-05 0.0003810602191280355 0.0024926013189307868 -0.0009175703797603017
leaf_weight=2051 31 101 32 2842 972 24 53 26 80295 73 15416 9348 91379 35242 12389 74 45 1743 1877 12686 30 2066 261 3728 48334 25 5143 1937 31 706
leaf_count=2051 31 101 32 2842 972 24 53 26 80295 73 15416 9348 91379 35242 12389 74 45 1743 1877 12686 30 2066 261 3728 48334 25 5143 1937 31 706
internal_value=4.76204e-13 0.00130108 0.00934929 -5.01857e-06 0.000698833 0.00252924 0.00510942 0.00666792 -1.39926e-05 4.10659e-05 5.13419e-05 1.14884e-05 -4.72561e-05 -8.12971e-05 -0.000169027 0.000342852 -0.000430284 -0.000136593 -3.64886e-05 0.000178471 0.000318482 0.000363157 -0.000769946 0.000202532 3.5069e-05 0.00677565 0.000220662 5.58957e-06 -0.00034584 -0.00110438
internal_weight=328960 1264 88 327696 1176 204 103 79 319455 120312 117745 89643 199143 140887 47631 8241 2567 1788 93256 28102 8167 7845 322 5779 58256 57 7985 50271 292 779
internal_count=328960 1264 88 327696 1176 204 103 79 319455 120312 117745 89643 199143 140887 47631 8241 2567 1788 93256 28102 8167 7845 322 5779 58256 57 7985 50271 292 779
is_linear=0
shrinkage=0.05


Tree=23
num_leaves=31
num_cat=0
split_feature=2 0 6 11 0 18 6 7 5 7 4 11 12 20 20 4 3 10 12 3 5 20 12 6 0 20 12 6 5 11
split_gain=0.775415 2.21171 0.3869 0.372966 0.298522 0.49998 0.297286 0.389454 0.225628 0.302284 0.433708 0.258136 0.231629 0.377826 0.355618 0.191783 0.191458 0.176419 0.168955 0.19871 0.203739 0.201445 0.153951 0.147783 0.144352 0.157889 0.221488 0.138436 0.12303 0.122146
threshold=0.15523051000000002 0.33115713500000005 16.073000000000004 -0.14245915999999997 1.9103498000000003 0.9913978200000001 9.1050000000000022 16.517750000000003 0.097745380000000007 34.075250000000004 -0.074271571999999994 -0.048377333499999987 0.60374025000000009 0.96798575000000009 0.8712283500000001 0.045751922500000007 -0.0039312049999999992 -0.025974780499999999 0.57502565000000005 -0.013918807499999998 -0.0066206902999999999 0.6712565800000001 0.53058850000000013 17.969000000000005 2.6626632500000005 0.96798575000000009 0.76112070000000009 58.977000000000011 0.011182240250000001 -0.23525202499999998
decision_type=2 2 2 2 2 2 2 2 2 2 2 2 2 2 2 2 2 2 2 2 2 2 2 2 2 2 2 2 2 2
left_child=3 2 -2 18 5 -3 -7 -8 9 10 17 16 14 -14 -13 -12 -10 -5 19 20 -1 22 -21 -22 25 29 -27 -26 -11 -20
right_child=1 4 -4 8 -6 6 7 -9 11 28 15 12 13 -15 -16 -17 -18 -19 24 21 23 -23 -24 -25 27 26 -28 -29 -30 -31
leaf_value=0.00022000793354093147 0.013377398036180006 -9.6925180624377473e-05 0.0064368679751887134 0.00023309585622781592 0.00029893880009208281 -1.9607749224329987e-05 0.0087933839046185451 0.0013222384006859591 0.0020769495450368223 -0.00021079767033845817 -5.9803812121633773e-05 6.1094840945880282e-05 -0.00030455819526459434 0.0002310048787237268 0.00047956947545270379 7.7629192017415028e-05 0.00032140088860715423 -0.00038207617156393848 0.0016557204123324202 -2.8079745194172933e-05 0.00034751749681790587 -0.00071624006002827308 0.0015919819866362158 0.0037495106785569647 -0.00013987602103941428 -0.00096361849924679046 0.0013122031894714124 0.001293092388052651 -4.1293513856990188e-05 0.00070621969125664883
leaf_weight=9934 31 101 57 20694 972 24 53 26 272 30849 152189 37445 9249 5114 5873 30466 362 1235 413 2040 58 1204 158 71 1133 294 168 198 16394 1883
leaf_count=9934 31 101 57 20694 972 24 53 26 272 30849 152189 37445 9249 5114 5873 30466 362 1235 413 2040 58 1204 158 71 1133 294 168 198 16394 1883
internal_value=1.95974e-13 0.00123603 0.00888183 -4.76764e-06 0.000663891 0.00240278 0.00485395 0.00633453 -1.74581e-05 -3.79803e-05 -1.16559e-05 7.1165e-05 6.01361e-05 -0.000113869 0.000117831 -3.68806e-05 0.00107457 0.000198451 0.000219446 0.000133964 0.000245645 -0.000196385 8.8376e-05 0.00221993 0.000500935 0.000707313 -0.000136047 7.32928e-05 -0.000151977 0.000877014
internal_weight=328960 1264 88 327696 1176 204 103 79 310142 251827 204584 58315 57681 14363 43318 182655 634 21929 17554 13465 10063 3402 2198 129 4089 2758 462 1331 47243 2296
internal_count=328960 1264 88 327696 1176 204 103 79 310142 251827 204584 58315 57681 14363 43318 182655 634 21929 17554 13465 10063 3402 2198 129 4089 2758 462 1331 47243 2296
is_linear=0
shrinkage=0.05


Tree=24
num_leaves=31
num_cat=0
split_feature=1 0 14 18 0 11 1 12 8 20 12 10 17 13 12 12 13 9 19 13 0 13 19 17 4 12 0 19 0 8
split_gain=0.752292 1.77762 0.960785 0.578708 0.81316 0.342988 0.316842 0.262741 0.254391 0.252227 0.30042 0.216147 0.231252 0.211265 0.268726 0.174897 0.171176 0.151665 0.137367 0.189868 0.150794 0.129172 0.125928 0.134447 0.125237 0.176116 0.191998 0.112641 0.190496 0.116022
threshold=0.099615935000000017 0.45903960000000005 0.33875902000000008 0.9913978200000001 0.14738941000000003 -0.12968243999999998 0.10007797 0.89321780500000003 80.286085000000014 0.41561113500000008 0.29069911500000006 0.16577067500000001 0.12197386500000001 0.35258950000000006 0.37045817000000009 0.81795037000000004 0.35307106500000007 -0.017754802499999996 0.11066384000000001 0.5661579000000001 0.10283338000000002 0.54704040000000009 0.21456714500000004 0.024316598000000005 0.11742752000000002 0.45474245000000008 9.8222330000000024 0.93361913000000007 3.4896322500000001 195.87608500000002
decision_type=2 2 2 2 2 2 2 2 2 2 2 2 2 2 2 2 2 2 2 2 2 2 2 2 2 2 2 2 2 2
left_child=5 2 -2 4 -4 7 -5 17 9 13 -11 12 -10 14 -7 -12 -15 18 20 -20 -1 24 -19 -24 -3 26 -26 28 -13 -29
right_child=1 21 3 6 -6 8 -8 -9 11 10 15 27 -14 16 -16 -17 -18 22 19 -21 -22 -23 23 -25 25 -27 -28 29 -30 -31
leaf_value=-0.0038966023838957367 -0.0033204254073401296 0.00032576173349349428 0.011798907756539329 0.0081114443548445016 0.00056943924052910394 -4.3212530976379834e-05 0.016442315053194764 0.0024972232854824903 -7.5361724314726482e-05 0.00030849848587892801 2.4865287866177442e-05 -0.0013348270877031609 -0.00049329889357008184 -0.00047245481059758951 0.0003858526650235383 -0.00031702268698121467 -0.00012968332989912474 -0.00010882719498815615 0.00037234186473296746 0.0012627295318064788 0.00015955632277370841 0.000130969564380264 -0.0012079307447435265 0.00027960251101612861 0.0037311496895883591 0.00093660790360823457 -0.0012660425337304808 -0.00055676343819148369 -0.0065137400041119413 -0.003280546402093023
leaf_weight=23 21 568 28 21 38 93781 25 122 14351 9332 146114 56 4302 4291 3797 3839 24092 6230 4174 699 6101 1026 157 4676 117 587 23 298 26 45
leaf_count=23 21 568 28 21 38 93781 25 122 14351 9332 146114 56 4302 4291 3797 3839 24092 6230 4174 699 6101 1026 157 4676 117 587 23 298 26 45
internal_value=1.77332e-13 0.000872168 0.00649381 0.00833398 0.00533346 -6.55516e-06 0.0126391 0.00018326 -2.03907e-05 -8.56819e-06 3.32425e-05 -0.000197156 -0.000171752 -6.14402e-05 -2.65165e-05 1.61125e-05 -0.000181504 0.000170463 0.000301958 0.000500062 0.000144323 0.000550031 3.97526e-05 0.00023128 0.000882044 0.00131666 0.00291018 -0.00131211 -0.00297692 -0.000914111
internal_weight=328960 2454 133 112 66 326506 46 22182 304324 285246 159285 19078 18653 125961 97578 149953 28383 22060 10997 4873 6124 2321 11063 4833 1295 727 140 425 82 343
internal_count=328960 2454 133 112 66 326506 46 22182 304324 285246 159285 19078 18653 125961 97578 149953 28383 22060 10997 4873 6124 2321 11063 4833 1295 727 140 425 82 343
is_linear=0
shrinkage=0.05


Tree=25
num_leaves=31
num_cat=0
split_feature=1 20 10 19 16 10 16 15 4 7 14 6 3 14 18 7 4 8 7 9 5 6 13 5 20 13 18 13 19 19
split_gain=0.678943 0.931262 0.327075 0.446404 0.237708 0.355301 0.260654 0.612413 0.247006 0.228789 0.53521 1.06839 0.194713 0.182675 0.179837 0.17704 0.195655 0.170082 0.200575 0.169002 0.163348 0.158253 0.147161 0.134366 0.126888 0.122456 0.119549 0.116537 0.122755 0.116387
threshold=0.099615935000000017 0.56032803000000009 -0.068611612499999988 0.25097282000000004 0.28524566000000007 -0.025425533999999996 0.40539482500000007 0.25565361000000003 -0.060263090999999998 13.075750000000001 0.7401032500000001 9.219000000000003 0.25114998000000005 1.5117871000000003 0.73473045000000015 9.135250000000001 0.101046013 12.712250000000003 13.075750000000001 -0.022852101499999996 -0.21641688499999998 9.219000000000003 0.73633775000000012 -0.049329228999999995 0.55645277500000012 0.40489115000000003 0.94824153000000011 0.52057940000000014 0.46210754000000004 0.017683480000000005
decision_type=2 2 2 2 2 2 2 2 2 2 2 2 2 2 2 2 2 2 2 2 2 2 2 2 2 2 2 2 2 2
left_child=2 12 3 20 17 6 -6 -8 19 10 11 -3 14 -10 -2 -12 -17 -4 23 -7 25 -22 -23 -19 -5 -1 -11 28 -26 -27
right_child=1 9 4 24 5 8 7 -9 13 26 15 -13 -14 -15 -16 16 -18 18 -20 -21 21 22 -24 -25 27 29 -28 -29 -30 -31
leaf_value=0.00094655058124612978 0.0038052584377017366 -0.0012150813223105734 -2.6157433351432281e-05 0.00037100437980533012 0.00015855292783559615 0.00022175980844937071 0.0046045766744660949 0.00057823092155093528 -2.3940568132992546e-05 0.00060927657936642263 0.00025943674442839131 0.014024984455950882 0.0052175046787663135 0.00011051785974159298 0.00055963378650682302 -0.00018076015452630578 0.0028517759600004485 -0.00033539491009770421 -0.00014361532631298164 -0.00058331131354461485 0.00023771650062553258 -0.00010251782484686893 0.00057377575183522288 -0.0010808910098106493 0.00094735242035367878 -0.00017395108769830211 -0.00031488801213875412 0.00037707968908862768 0.002230322002826142 0.00042563766779996266
leaf_weight=709 107 23 38761 2887 10338 832 99 2051 173711 636 461 23 106 29559 71 77 172 1744 33977 3011 5709 15638 848 925 1088 1205 778 724 225 2465
leaf_count=709 107 23 38761 2887 10338 832 99 2051 173711 636 461 23 106 29559 71 77 172 1744 33977 3011 5709 15638 848 925 1088 1205 778 724 225 2465
internal_value=3.94333e-13 0.000828559 -6.2274e-06 0.000146925 -2.25795e-05 3.721e-06 0.000262726 0.00076363 -1.18959e-05 0.00047619 0.00117833 0.00640495 0.00352096 -4.38797e-06 0.00251066 0.0008397 0.001914 -9.91719e-05 -0.0001764 -0.000409015 6.58991e-05 1.08363e-05 -6.77309e-05 -0.000593763 0.000584207 0.000344985 0.00010079 0.000886376 0.00116721 0.00022877
internal_weight=328960 2454 326506 31498 295008 219601 12488 2150 207113 2170 756 46 284 203270 178 710 249 75407 36646 3843 26574 22195 16486 2669 4924 4379 1414 2037 1313 3670
internal_count=328960 2454 326506 31498 295008 219601 12488 2150 207113 2170 756 46 284 203270 178 710 249 75407 36646 3843 26574 22195 16486 2669 4924 4379 1414 2037 1313 3670
is_linear=0
shrinkage=0.05


Tree=26
num_leaves=31
num_cat=0
split_feature=2 14 7 19 2 19 12 20 20 15 15 15 8 4 7 6 12 12 9 5 14 5 19 14 15 12 15 2 16 14
split_gain=0.597365 1.12432 0.449061 0.447187 0.297332 0.208398 0.202662 0.585363 0.22126 0.246036 0.237168 0.234148 0.190781 0.190331 0.18769 0.439282 0.228813 0.183663 0.175186 0.190387 0.173699 0.167781 0.154821 0.233441 0.151079 0.124005 0.116093 0.111114 0.147979 0.0985274
threshold=0.15523051000000002 0.96561727500000016 16.323750000000004 0.99566160000000015 -0.060925047499999989 0.50887316500000013 0.77737827500000012 0.96434926500000007 0.88649383500000012 5.5985777000000008 3.0034767500000004 6.3099252000000012 15.569000000000001 -0.12066057249999999 4.8967500000000008 4.1310000000000011 0.85000330000000013 0.65538859500000013 -0.093823311999999978 0.20122184500000004 0.39495405500000008 0.54882355000000016 0.017683480000000005 0.42570109500000003 2.9402605500000001 0.65538859500000013 13.766197500000002 -0.091449332499999994 0.32426387000000007 0.5475308350000001
decision_type=2 2 2 2 2 2 2 2 2 2 2 2 2 2 2 2 2 2 2 2 2 2 2 2 2 2 2 2 2 2
left_child=4 2 3 17 5 13 8 20 9 12 21 -12 -6 22 15 -9 -16 -2 19 -7 -8 -10 23 -1 -22 -11 -3 29 -29 -15
right_child=1 26 -4 -5 6 18 7 14 10 25 11 -13 -14 27 16 -17 -18 -19 -20 -21 24 -23 -24 -25 -26 -27 -28 28 -30 -31
leaf_value=-0.004745563111996658 0.0042246700219561043 0.00015538782991130393 -0.0012711418841622379 0.010082593519473449 2.1837418897792133e-05 0.0048393218440469362 0.0029296200774196124 -5.4040200927335287e-05 2.357243121337818e-05 -0.00032987381502162691 0.0004507007241494282 -0.00010835576550776543 -6.1148355125602568e-05 -0.0035697368793189532 0.00041329420989355401 0.0054839158027719425 -0.00036423025221264671 -0.00068834836018227396 0.00054238933689514763 0.00017846446836558289 -0.000498996860366414 -0.0020410522110078182 0.00056734918905251982 -2.9227117328571632e-05 -0.0014559375872966269 -0.0012358007784041966 0.00297474027948307 -8.5852826707120584e-05 0.00060259017854803233 -0.00040034822167790604
leaf_weight=27 202 933 38 32 151411 50 27 115 16262 2914 7848 2460 127644 25 1618 52 2279 21 2704 39 645 99 3036 928 1144 434 38 3662 992 1281
leaf_count=27 202 933 38 32 151411 50 27 115 16262 2914 7848 2460 127644 25 1618 52 2279 21 2704 39 645 99 3036 928 1144 434 38 3662 992 1281
internal_value=-3.75185e-13 0.00108488 0.00379955 0.00455518 -4.18462e-06 0.000232584 -1.37651e-05 -0.000304552 -8.23294e-06 -2.12334e-05 0.000129432 0.000317282 -1.61215e-05 0.000125465 2.89317e-05 0.00167035 -4.1409e-05 0.00376201 0.000614231 0.00279692 -0.00105085 1.10794e-05 0.000392688 -0.000162569 -0.00111093 -0.000447309 0.000265723 -5.34754e-05 6.08888e-05 -0.000461018
internal_weight=328960 1264 293 255 327696 12744 314952 5880 309072 282403 26669 10308 279055 9951 4064 167 3897 223 2793 89 1816 16361 3991 955 1789 3348 971 5960 4654 1306
internal_count=328960 1264 293 255 327696 12744 314952 5880 309072 282403 26669 10308 279055 9951 4064 167 3897 223 2793 89 1816 16361 3991 955 1789 3348 971 5960 4654 1306
is_linear=0
shrinkage=0.05


Tree=27
num_leaves=31
num_cat=0
split_feature=2 0 6 11 0 9 6 7 12 20 20 12 13 7 13 12 13 11 12 12 15 0 16 13 20 14 12 3 16 7
split_gain=0.539122 1.69415 0.328116 0.306276 0.225485 0.292375 0.345334 0.342931 0.192186 0.348819 0.278206 0.302443 0.342583 0.248458 0.430838 0.234097 0.275563 0.223209 0.195571 0.177993 0.15143 0.136256 0.193441 0.139851 0.136122 0.192964 0.186855 0.185785 0.116971 0.0984497
threshold=0.15523051000000002 0.33115713500000005 16.073000000000004 -0.18033800999999997 1.9103498000000003 0.1145170075 9.1050000000000022 16.911750000000001 0.79521075000000008 0.96434926500000007 0.91395645000000014 0.73401216500000011 0.57348362500000005 4.8967500000000008 0.63051970000000013 0.53681470000000009 0.7047366650000001 0.37052975000000005 0.85000330000000013 0.89321780500000003 3.2253017000000006 3.0593391500000005 0.86616692000000006 0.63051970000000013 0.97920272500000005 0.47518386500000004 0.57502565000000005 -0.094685534999999987 0.8340858000000001 67.507250000000013
decision_type=2 2 2 2 2 2 2 2 2 2 2 2 2 2 2 2 2 2 2 2 2 2 2 2 2 2 2 2 2 2
left_child=3 2 -2 19 5 28 -7 -8 10 21 11 17 -13 14 -11 20 -17 -5 -15 24 -12 22 -10 -23 26 -26 27 -1 -3 -27
right_child=1 4 -4 8 -6 6 7 -9 9 13 15 12 -14 18 -16 16 -18 -19 -20 -21 -22 23 -24 -25 25 29 -28 -29 -30 -31
leaf_value=0.00058944922882805636 0.011862299384759559 -0.0037319647796128109 0.0054707373108963987 -1.2921485835841037e-05 0.0002127148256492056 -0.00072432086424669253 0.0069867058080406155 0.0011471816266903927 -0.00059268521663653382 -0.00033848664381601399 0.00040206801769723387 0.00034341164363575701 -0.0013260683075714543 0.00039511150931038252 0.0048980462921249194 3.6023065850377455e-05 0.00061301266623050178 -0.00077032867410797151 -0.00035839644791439928 0.0027381443389261936 0.0013168995419170952 -0.000464698172815702 0.0029042643212181117 -0.0017426326763609638 -0.0045513607910834253 -0.0006567777399039996 0.00072433881756139894 -2.1438656056495866e-05 0.00085817015746475337 0.0023235742982867505
leaf_weight=1814 31 23 57 290508 972 40 65 41 677 93 1726 465 906 1237 68 15986 2377 976 2834 74 613 327 42 620 30 261 2066 3965 35 31
leaf_count=1814 31 23 57 290508 972 40 65 41 677 93 1726 465 906 1237 68 15986 2377 976 2834 74 613 327 42 620 30 261 2066 3965 35 31
internal_value=8.9595e-15 0.00103063 0.00772231 -3.97539e-06 0.000529895 0.00204117 0.00323423 0.00472802 -1.17392e-05 -0.000294509 -6.42034e-06 -1.89424e-05 -0.000759833 -5.32502e-05 0.00187322 0.000170719 0.000110712 -1.54576e-05 -0.000129438 0.000296983 0.000641825 -0.000907357 -0.000388413 -0.00130136 0.000274864 -0.000732699 0.000316219 0.000170316 -0.000962056 -0.000340371
internal_weight=328960 1264 88 327696 1176 204 146 106 319455 5898 313557 292855 1371 4232 161 20702 18363 291484 4071 8241 2339 1666 719 947 8167 322 7845 5779 58 292
internal_count=328960 1264 88 327696 1176 204 146 106 319455 5898 313557 292855 1371 4232 161 20702 18363 291484 4071 8241 2339 1666 719 947 8167 322 7845 5779 58 292
is_linear=0
shrinkage=0.05


Tree=28
num_leaves=31
num_cat=0
split_feature=2 0 6 10 19 4 11 12 3 10 16 19 0 9 6 7 11 11 2 11 13 17 7 11 10 13 11 19 19 17
split_gain=0.486558 1.52897 0.296125 0.282813 0.416329 0.233803 0.253738 0.223306 0.216767 0.206745 0.45815 0.291917 0.2035 0.263869 0.311664 0.310158 0.19843 0.188202 0.187866 0.186873 0.1677 0.216496 0.155065 0.149738 0.144898 0.192105 0.171629 0.128543 0.120927 0.123723
threshold=0.15523051000000002 0.33115713500000005 16.073000000000004 -0.068611612499999988 0.20669655500000003 -0.0046744579999999985 -0.10603415999999999 0.85000330000000013 0.060915882000000011 -0.023311554499999994 0.38096801000000008 0.50528174500000012 1.9103498000000003 0.1145170075 9.1050000000000022 16.517750000000003 -0.0090415804999999985 0.045716723500000007 -0.044694656499999992 0.087575512000000008 0.48874899500000007 0.013963611750000002 11.279250000000003 -0.21850954999999997 -0.14380141999999999 0.53038687000000018 -0.26372494999999996 0.030123801000000002 0.45019186000000005 0.13811589000000005
decision_type=2 2 2 2 2 2 2 2 2 2 2 2 2 2 2 2 2 2 2 2 2 2 2 2 2 2 2 2 2 2
left_child=3 2 -2 4 24 9 20 19 -9 10 17 16 13 -3 -15 -16 -11 -5 -13 -8 -7 -22 -12 -6 25 27 -27 -1 29 -25
right_child=1 12 -4 5 23 6 7 8 -10 11 22 18 -14 14 15 -17 -18 -19 -20 -21 21 -23 -24 28 -26 26 -28 -29 -30 -31
leaf_value=0.0002818221351644585 0.011269184256032591 -0.00091395295736564845 0.0051972005250782039 -6.7495557485298407e-05 0.0018122430300584838 9.2345343216121035e-05 -1.9943032720823178e-05 -7.6570934328140159e-05 -0.001155237847649219 -0.0001189446680703274 0.00099948259894662439 0.00066218314435934999 0.0002020790931265267 -0.00068810483062407011 0.0067260794943043338 0.0012178790679764611 -0.00036463106887837639 0.00028147585290203865 -3.7305004400251061e-05 9.6213786274773028e-05 -0.0012666586696642461 0.00078741080495736216 0.00030527326838733693 -0.00039516857127959459 -5.6818586889912935e-06 0.0009840050879303822 -0.00024536376994673713 0.0011379079812234804 0.00091701117623860142 0.00042493483883265657
leaf_weight=872 31 58 57 57275 207 2626 119085 1109 803 16898 1195 1003 972 40 63 43 16000 4143 22341 48821 136 2260 2461 508 21217 349 1522 882 1127 4856
leaf_count=872 31 58 57 57275 207 2626 119085 1109 803 16898 1195 1003 972 40 63 43 16000 4143 22341 48821 136 2260 2461 508 21217 349 1522 882 1127 4856
internal_value=-1.672e-13 0.000979102 0.00733619 -3.77662e-06 0.000138559 -1.89351e-05 1.80711e-05 7.71275e-06 -0.000529588 -7.22681e-05 -1.15867e-05 -0.000142479 0.000503401 0.00193911 0.00307252 0.00449162 -0.000238435 -4.39554e-05 -7.25075e-06 1.38312e-05 0.000368336 0.000670819 0.000532182 0.000488406 4.42318e-05 0.000336375 -1.6048e-05 0.000712305 0.000446188 0.000347267
internal_weight=328960 1264 88 327696 31540 296156 174840 169818 1912 121316 65074 56242 1176 204 146 106 32898 61418 23344 167906 5022 2396 3656 6698 24842 3625 1871 1754 6491 5364
internal_count=328960 1264 88 327696 31540 296156 174840 169818 1912 121316 65074 56242 1176 204 146 106 32898 61418 23344 167906 5022 2396 3656 6698 24842 3625 1871 1754 6491 5364
is_linear=0
shrinkage=0.05


Tree=29
num_leaves=31
num_cat=0
split_feature=1 0 14 15 18 0 10 19 16 11 10 11 14 16 15 3 18 7 11 15 9 7 12 12 14 19 7 7 3 7
split_gain=0.518996 1.22734 0.81073 0.808472 0.265754 0.38349 0.264303 0.346845 0.250252 0.263774 0.258256 0.249195 0.242021 0.232378 0.776493 0.227122 0.20748 0.198809 0.260715 0.184621 0.168176 0.159613 0.159479 0.137332 0.167089 0.195767 0.124359 0.191564 0.207399 0.158387
threshold=0.099615935000000017 0.45903960000000005 0.33875902000000008 0.44946580000000008 0.9913978200000001 0.11406368300000001 -0.05700178999999999 0.25097282000000004 0.28524566000000007 0.068987977500000019 -0.027631284499999995 -0.10041811249999998 0.82446785000000011 0.40539482500000007 0.25565361000000003 -0.011405084499999997 0.042125430000000012 32.328250000000004 -0.26372494999999996 1.0279017500000001 -0.03219827799999999 11.826750000000002 0.56412307000000006 0.42732739000000003 1.1450624500000002 0.56813758000000003 13.075750000000001 9.135250000000001 0.25114998000000005 9.4992500000000017
decision_type=2 2 2 2 2 2 2 2 2 2 2 2 2 2 2 2 2 2 2 2 2 2 2 2 2 2 2 2 2 2
left_child=6 2 -2 -4 5 -5 7 17 9 19 13 16 -13 -10 -15 21 -12 -1 22 -8 -20 -11 -19 -9 -25 -26 27 -3 29 -29
right_child=1 26 3 4 -6 -7 8 23 10 15 11 12 -14 14 -16 -17 -18 18 20 -21 -22 -23 -24 24 25 -27 -28 28 -30 -31
leaf_value=0.00012573161178791961 -0.0036197340648089142 0.00039664792366602341 -0.001048492597268099 0.011552701149643824 0.012246347927465671 0.0025013308525085451 -7.1339486840647483e-05 0.00021759780204892869 0.00014230040679095153 0.0017855391814310163 0.0026078415033197484 -9.57104471344026e-05 2.0150554823787467e-05 0.0057262015597141155 0.00055469009587263702 -0.0003969736020956959 0.00027569778350275431 0.0002066788764620599 5.7827913963149195e-05 -0.00026009839167400042 -0.00033081797812984032 0.00051144195187153381 0.0024305123836553147 0.00045265590764504126 0.0010064320363974068 0.0036020815645540017 0.00019886922431595162 0.004672193173319102 0.0046419273479841655 0.00074807598296400919
leaf_weight=23108 21 500 24 22 41 25 44833 4597 8042 345 97 67515 135601 76 1615 493 5671 168 4819 18218 6590 855 155 2923 704 81 1551 30 60 180
leaf_count=23108 21 500 24 22 41 25 44833 4597 8042 345 97 67515 135601 76 1615 493 5671 168 4819 18218 6590 855 155 2923 704 81 1551 30 60 180
internal_value=6.78889e-14 0.000724417 0.0053956 0.00708597 0.00930447 0.00673814 -5.44468e-06 0.000109842 -2.29985e-05 -0.000109342 2.57246e-06 -9.15825e-06 -1.83612e-05 0.00025433 0.000787118 0.000506548 0.000314917 4.06269e-05 -0.000127 -0.00012588 -0.000166659 0.000877745 0.00127384 0.000400206 0.000626594 0.00127426 0.000456745 0.000976181 0.00204939 0.00130866
internal_weight=328960 2454 133 112 88 47 326506 43145 283361 64744 218617 208884 203116 9733 1691 1693 5768 34840 11732 63051 11409 1200 323 8305 3708 785 2321 770 270 210
internal_count=328960 2454 133 112 88 47 326506 43145 283361 64744 218617 208884 203116 9733 1691 1693 5768 34840 11732 63051 11409 1200 323 8305 3708 785 2321 770 270 210
is_linear=0
shrinkage=0.05


Tree=30
num_leaves=31
num_cat=0
split_feature=1 12 10 19 11 18 8 1 12 16 12 5 1 2 1 8 12 3 3 5 11 13 17 11 8 7 11 8 2 2
split_gain=0.468394 0.689209 0.244922 0.321694 0.191088 0.208609 0.299449 0.199151 0.187121 0.588527 0.223705 0.181142 0.261156 0.231311 0.239407 0.197119 0.194836 0.179795 0.167078 0.184739 0.155428 0.126705 0.123702 0.108783 0.0995669 0.310928 0.0951478 0.0912998 0.0887653 0.233493
threshold=0.099615935000000017 0.37587370000000003 -0.11518648499999999 0.077944088000000009 0.50328071500000016 0.9913978200000001 8.3024165000000014 0.070284333000000018 0.97043767000000003 0.99989450000000013 0.85000330000000013 0.097745380000000007 -1.0000000180025095e-35 0.15523051000000002 0.086454112000000014 15.569000000000001 0.57874140000000007 0.16493348000000005 0.10025985200000002 0.23190678500000003 -0.023192929999999997 0.47570656500000003 0.090181040000000018 -0.23525202499999998 11.402750000000001 9.135250000000001 -0.08431717499999998 3.8200833000000003 0.025807772500000003 0.15523051000000002
decision_type=2 2 2 2 2 2 2 2 2 2 2 2 2 2 2 2 2 2 2 2 2 2 2 2 2 2 2 2 2 2
left_child=2 28 3 -1 11 18 -7 -8 10 22 24 13 20 15 -15 -4 -14 -12 19 -6 -13 26 -10 -23 25 -3 -5 -20 -2 -30
right_child=1 8 4 21 5 6 7 -9 9 -11 17 12 16 14 -16 -17 -18 -19 27 -21 -22 23 -24 -25 -26 -27 -28 -29 29 -31
leaf_value=4.4811673484679723e-05 0.0057480158575344831 0.00028283312257299339 1.1440881050883118e-05 0.00081754144110831738 -0.0048909949715293596 -0.0026355113023712948 0.00077571528829419273 0.0048905507428571582 -0.0022430399508291 0.0076334529445173556 -0.00012686144787279007 0.0009608737162818793 5.0871897184510402e-05 0.00074883551209164914 0.0056377874048692848 -7.5911391648398932e-05 -0.00022833573524897165 -0.0035882574859105298 0.0013862573883009399 -7.417979953427804e-05 0.00017831661663126426 0.0015722332702059628 0.0024264382689421918 0.0001608215306570784 0.00021885173624551103 0.0027078287048277923 0.0018478446477702701 -0.0019223724217413759 -0.00066970786413278536 0.0037402637587690365
leaf_weight=5865 32 463 140216 1272 21 52 130 38 37 36 95 653 25331 88 35 119731 8294 62 22 382 22405 155 23 1145 1325 185 272 399 37 159
leaf_count=5865 32 463 140216 1272 21 52 130 38 37 36 95 653 25331 88 35 119731 8294 62 22 382 22405 155 23 1145 1325 185 272 399 37 159
internal_value=3.20069e-13 0.000688196 -5.17244e-06 0.000256423 -1.23413e-05 -0.000687681 0.00068017 0.00170645 0.000420025 0.00257937 0.000322702 -1.01154e-05 7.08758e-05 -2.77676e-05 0.00214 -2.87934e-05 -1.79979e-05 -0.00149378 -0.00105288 -0.00032518 0.000200479 0.000692814 -0.000453073 0.000329105 0.000467247 0.000975154 0.000999046 -0.00174947 0.0033064 0.00290777
internal_weight=328960 2454 326506 8709 317797 1044 220 168 2226 96 2130 316753 56683 260070 123 259947 33625 157 824 403 23058 2844 60 1300 1973 648 1544 421 228 196
internal_count=328960 2454 326506 8709 317797 1044 220 168 2226 96 2130 316753 56683 260070 123 259947 33625 157 824 403 23058 2844 60 1300 1973 648 1544 421 228 196
is_linear=0
shrinkage=0.05


Tree=31
num_leaves=31
num_cat=0
split_feature=1 0 15 15 18 0 11 13 8 15 20 12 13 12 19 19 10 19 16 12 10 8 1 15 16 13 2 20 7 7
split_gain=0.422726 1.0537 0.706724 0.702024 0.240234 0.343936 0.234679 0.31218 0.197788 0.204291 0.202073 0.278806 0.206462 0.209981 0.181472 0.17983 0.156607 0.198466 0.148896 0.138183 0.137707 0.12786 0.124264 0.122994 0.120194 0.107072 0.181975 0.132304 0.126873 0.126695
threshold=0.099615935000000017 0.45903960000000005 0.8353249650000002 0.44946580000000008 0.9913978200000001 0.11406368300000001 -0.11435891499999999 0.66439225000000013 80.286085000000014 1.0603696500000002 0.41153054000000006 0.27049775500000006 0.35258950000000006 0.36875368500000005 0.053741223000000012 0.3741132900000001 -0.12071217949999997 0.017683480000000005 0.91326982500000009 0.45045699000000006 0.22069109500000003 61.19316700000001 -0.09495722999999999 13.766197500000002 0.54327158000000009 0.69318337000000019 0.12917497500000005 0.98290591500000013 18.000750000000004 13.366250000000003
decision_type=2 2 2 2 2 2 2 2 2 2 2 2 2 2 2 2 2 2 2 2 2 2 2 2 2 2 2 2 2 2
left_child=6 2 3 -2 5 -5 7 15 10 24 12 -12 13 -8 21 16 17 -1 -13 -14 23 -9 -18 -11 -10 29 -27 28 -28 -3
right_child=1 25 -4 4 -6 -7 8 14 9 20 11 18 19 -15 -16 -17 22 -19 -20 -21 -22 -23 -24 -25 -26 26 27 -29 -30 -31
leaf_value=-0.00022384644542319083 -0.0010198783572074415 0.0010878518689548175 -0.0034352626008469431 0.010746985441073775 0.011424537334682012 0.0021751001626253131 -3.6351297447988743e-05 -0.00022709949324138182 -0.00021161567800940243 -0.00033007024438003662 0.00040568857723357384 3.2297913925646885e-05 -0.00019389277542294307 0.00034842976985907908 0.0011046122779035891 0.0003616357914994129 -0.0023727812636424091 0.00049120323979002546 -0.00015379981234154986 0.00065781289457011083 -0.0023629870317766772 0.0012388225476377447 -3.4470599347185041e-05 -0.0040736116500656033 0.00013535147992811122 0.00061633502186920781 -0.0064861221408302142 -0.00043745822664479619 -0.0018177559660195353 0.00025072082092124001
leaf_weight=1370 24 702 21 22 41 25 91848 598 4654 8194 4784 140018 26336 3688 1242 4847 57 3327 11642 485 85 198 17728 22 5383 195 22 90 43 1269
leaf_count=1370 24 702 21 22 41 25 91848 598 4654 8194 4784 140018 26336 3688 1242 4847 57 3327 11642 485 85 198 17728 22 5383 195 22 90 43 1269
internal_value=-3.46649e-13 0.000653787 0.00498195 0.00656018 0.00862747 0.00618747 -4.91382e-06 0.000129924 -1.82402e-05 -0.0001773 -7.77809e-06 2.98673e-05 -5.5911e-05 -2.14975e-05 0.000726894 8.54063e-05 2.58527e-05 0.000282641 1.80123e-05 -0.000178492 -0.000360808 0.000137539 -4.19648e-05 -0.000340094 -2.55318e-05 0.00040577 -0.000400126 -0.0016789 -0.00339782 0.000548877
internal_weight=328960 2454 133 112 88 47 326506 29367 297139 18338 278801 156444 122357 95536 2038 27329 22482 4697 151660 26821 8301 796 17785 8216 10037 2321 350 155 65 1971
internal_count=328960 2454 133 112 88 47 326506 29367 297139 18338 278801 156444 122357 95536 2038 27329 22482 4697 151660 26821 8301 796 17785 8216 10037 2321 350 155 65 1971
is_linear=0
shrinkage=0.05


Tree=32
num_leaves=31
num_cat=0
split_feature=1 0 14 15 3 18 0 4 11 19 18 0 3 11 4 12 5 11 1 5 20 5 8 3 11 15 12 18 4 18
split_gain=0.38151 0.950968 0.637818 0.633576 0.227317 0.216811 0.310402 0.199998 0.181604 0.225773 0.179423 0.373127 0.240238 0.221804 0.159792 0.155939 0.155398 0.152977 0.148679 0.147922 0.158874 0.143404 0.126364 0.109785 0.10417 0.10123 0.100807 0.144975 0.11048 0.225446
threshold=0.099615935000000017 0.45903960000000005 0.33875902000000008 0.44946580000000008 -0.054262887999999988 0.9913978200000001 0.11406368300000001 -0.0046744579999999985 -0.0026055731499999998 0.58799141500000007 0.069860970000000008 0.060780418500000009 -0.12563442499999997 0.045716723500000007 -0.091318717499999993 0.71144095000000018 -0.038666155999999993 -0.10603415999999999 -0.067328944999999987 0.54882355000000016 0.99566160000000015 0.097745380000000007 26.421750000000003 -0.085295091999999975 -0.23525202499999998 2.7128425500000004 0.85000330000000013 0.7306982500000001 0.3655983000000001 0.9913978200000001
decision_type=2 2 2 2 2 2 2 2 2 2 2 2 2 2 2 2 2 2 2 2 2 2 2 2 2 2 2 2 2 2
left_child=4 2 -2 -4 10 6 -5 8 18 16 11 -1 24 14 -14 -15 -10 -9 -6 21 -21 -19 -20 -13 -12 -25 28 -28 -3 -30
right_child=1 26 3 5 7 -7 -8 17 9 -11 12 23 13 15 -16 -17 -18 19 22 20 -22 -23 -24 25 -26 -27 27 -29 29 -31
leaf_value=-0.0063873502015865044 -0.0032634994192492399 0.00036723621507621672 -0.00096888444525878496 0.01020963616161184 -0.0015038438710240265 0.010853310688058051 0.0020663452446460727 0.00029269129074664565 -4.3174512835900818e-05 4.0908762766758334e-05 0.0020285276458344016 9.4117601670243447e-05 0.00025537020496845555 0.00072038373340750118 -3.111105485443805e-05 -8.5401363678435163e-05 -0.00030409539752636094 -2.0557422523798958e-05 1.3544801770217639e-05 -0.00094771291071674396 0.00065082880949292451 8.2255031473572586e-05 -0.00013277420202953023 -0.0002758261896502938 0.00067247861391339691 0.00018765701035302338 0.0023068346803680668 -0.0010911850418146376 -0.00055252169847817107 0.0026591004729210068
leaf_weight=23 21 1839 24 22 170 41 25 4797 7895 10350 160 9580 8397 2543 11580 786 20586 114665 58179 751 196 48162 19770 5156 1233 1527 37 207 85 153
leaf_count=23 21 1839 24 22 170 41 25 4797 7895 10350 160 9580 8397 2543 11580 786 20586 114665 58179 751 196 48162 19770 5156 1233 1527 37 207 85 153
internal_value=-1.30626e-13 0.000621097 0.00473285 0.00623217 -4.66813e-06 0.0081961 0.0058781 -2.04746e-05 -7.07152e-05 -0.000159088 0.000105447 -2.33863e-05 0.000190397 0.000152274 8.93066e-05 0.000530132 -0.000231768 1.4381e-05 -2.6787e-05 6.22919e-06 -0.000616864 9.8531e-06 -2.35657e-05 -1.43861e-05 0.000828234 -0.000169925 0.000385482 -0.000575912 0.000498423 0.00151209
internal_weight=328960 2454 133 112 326506 88 47 285521 116950 38831 40985 16286 24699 23306 19977 3329 28481 168571 78119 163774 947 162827 77949 16263 1393 6683 2321 244 2077 238
internal_count=328960 2454 133 112 326506 88 47 285521 116950 38831 40985 16286 24699 23306 19977 3329 28481 168571 78119 163774 947 162827 77949 16263 1393 6683 2321 244 2077 238
is_linear=0
shrinkage=0.05


Tree=33
num_leaves=31
num_cat=0
split_feature=2 14 20 14 11 12 20 20 15 15 15 12 7 13 4 5 14 17 13 13 8 10 19 8 13 10 4 19 15 12
split_gain=0.315392 0.619247 0.42617 0.276066 0.214735 0.169678 0.503907 0.265116 0.282695 0.255674 0.242131 0.230223 0.23525 0.183145 0.194168 0.17745 0.170483 0.162702 0.15525 0.153127 0.183489 0.149292 0.180264 0.238465 0.14305 0.137353 0.135815 0.124037 0.136354 0.108037
threshold=0.15523051000000002 0.96561727500000016 0.99566160000000015 0.61728480000000008 -0.18033800999999997 0.77737827500000012 0.96434926500000007 0.8712283500000001 4.1352635000000006 3.0700221000000005 6.3099252000000012 0.85000330000000013 4.8967500000000008 0.68197630000000009 -0.13754832999999997 0.54882355000000016 1.9049629000000003 0.079902950000000014 0.71821207500000017 0.58466665000000007 75.255747500000027 -0.17816881499999998 0.17087121000000002 21.606750000000005 0.63051970000000013 -0.08090112499999999 -0.15780847999999997 0.014010551000000001 2.5044441500000008 0.61887110000000012
decision_type=2 2 2 2 2 2 2 2 2 2 2 2 2 2 2 2 2 2 2 2 2 2 2 2 2 2 2 2 2 2
left_child=4 2 3 -2 19 7 13 8 16 15 -11 18 -13 17 -15 -9 -6 -7 -8 21 26 27 23 -23 -10 -24 -21 29 -29 -1
right_child=1 -3 -4 -5 5 6 11 9 24 10 -12 12 -14 14 -16 -17 -18 -19 -20 20 -22 22 25 -25 -26 -27 -28 28 -30 -31
leaf_value=-0.00043654291506489126 -0.0017040512640960515 0.00018036026190553639 0.0093364544354541147 0.0028934613960543711 -2.0481265671538387e-05 -0.0012454164490473163 0.00017628591694702323 3.5670942265818996e-05 -0.00022428742956088151 0.00044621792355146886 -7.4468003742471386e-05 0.0020339196469550103 -0.00032279692919522204 2.7337377714748319e-06 -0.0018225043948389163 -0.0018927050312837917 0.00016329886341901481 -0.00011489332076149118 0.0011781877346462083 -0.00023946155931441057 0.0017444997899347765 0.00030625492106194351 0.0010162721764371786 -0.00045675850672910668 -0.00080408314974234898 0.00011611933607054226 0.00075132535722213757 0.0023136083739979346 -0.0010303459563750217 0.0020168013650254577
leaf_weight=178 38 971 23 232 259485 490 1280 20392 5960 8913 2979 110 2834 185 686 120 13264 908 554 517 316 1849 724 2295 1295 1022 1045 199 36 60
leaf_count=178 38 971 23 232 259485 490 1280 20392 5960 8913 2979 110 2834 185 686 120 13264 908 554 517 316 1849 724 2295 1295 1022 1045 199 36 60
internal_value=1.61143e-13 0.000788289 0.00280296 0.0022464 -3.04061e-06 -9.54147e-06 -0.000252167 -4.06855e-06 -1.97377e-05 0.000131329 0.000315784 3.91977e-05 -0.00023474 -0.000865716 -0.00143482 2.43895e-05 -1.15439e-05 -0.000511142 0.000478932 0.000248959 0.000645684 0.000131868 6.32359e-05 -0.000116312 -0.00032778 0.000489379 0.000423389 0.00098651 0.00180134 0.000181947
internal_weight=328960 1264 293 270 327696 319455 7047 312408 280004 32404 11892 4778 2944 2269 871 20512 272749 1398 1834 8241 1878 6363 5890 4144 7255 1746 1562 473 235 238
internal_count=328960 1264 293 270 327696 319455 7047 312408 280004 32404 11892 4778 2944 2269 871 20512 272749 1398 1834 8241 1878 6363 5890 4144 7255 1746 1562 473 235 238
is_linear=0
shrinkage=0.05


Tree=34
num_leaves=31
num_cat=0
split_feature=1 0 8 7 3 4 15 1 9 13 4 15 14 7 0 18 2 3 16 4 13 13 11 18 0 11 18 3 18 8
split_gain=0.325941 0.827739 0.566701 0.776499 0.207202 0.243557 0.238159 0.204455 0.232369 0.187705 0.315092 0.208099 0.544412 1.43447 0.142428 0.129419 0.194766 0.224164 0.190076 0.226215 0.16697 0.164521 0.12779 0.167057 0.12871 0.122238 0.117914 0.112405 0.108979 0.106579
threshold=0.099615935000000017 0.45903960000000005 10.349666750000003 17.783750000000001 -0.028940364 -0.0046744579999999985 1.0081418000000002 0.10007797 0.1145170075 0.36850227000000008 -0.10800155499999999 0.3665892200000001 1.2650707000000001 9.7562500000000032 0.11406368300000001 0.81226745000000011 0.041946124000000008 0.12186858500000002 0.91688332500000014 0.22005707000000002 0.28026972500000008 0.33603123000000007 0.028204201000000002 0.23939451000000003 1.2858238500000001 -0.19631563999999999 0.17148071000000001 -0.13569412499999997 0.25098821000000004 77.645250000000019
decision_type=2 2 2 2 2 2 2 2 2 2 2 2 2 2 2 2 2 2 2 2 2 2 2 2 2 2 2 2 2 2
left_child=4 2 -2 7 9 6 -6 -4 -9 10 26 12 -11 -14 -13 16 17 -7 19 -17 -18 -20 24 -24 -12 -8 27 -1 -16 -27
right_child=1 -3 3 -5 5 15 25 8 -10 11 22 14 13 -15 28 18 20 -19 21 -21 -22 -23 23 -25 -26 29 -28 -29 -30 -31
leaf_value=0.00078775479805429289 -0.0033477285457774995 0.00035426448627587782 0.0054569578967815224 -0.0021983327833974427 -3.3757799103804011e-05 2.4436098525307902e-05 0.00035574531110904248 0.0063752405256742532 0.013509652175009252 0.00027332343976107701 -8.3075563356841794e-05 -0.0040124029625162837 0.008826296048609435 0.0005694566833666201 6.4064381899815579e-05 -3.5656588080780767e-05 0.00089996624711973178 -0.0017515498845252009 0.00012435716760736754 0.0004444977526124979 0.00019344292563488021 -0.00033553978874346143 -0.00010606275260118518 0.00060721467514647607 -0.00040778337913126045 -0.00019775853807067778 0.0006766850787096073 -6.3027304591192727e-05 0.0002365409779976368 -0.00054290545859560951
leaf_weight=505 20 2321 43 24 54823 97400 930 21 25 1410 21098 21 71 203 37490 38273 945 178 2485 2621 7265 8943 1920 1434 3568 26841 1844 1679 12119 2440
leaf_count=505 20 2321 43 24 54823 97400 930 21 25 1410 21098 21 71 203 37490 38273 945 178 2485 2621 7265 8943 1920 1434 3568 26841 1844 1679 12119 2440
internal_value=1.17132e-14 0.000574085 0.0044102 0.00578328 -4.31479e-06 -2.76372e-05 -9.58744e-05 0.00793562 0.0102526 6.37102e-05 -3.1228e-05 0.000123004 0.000669628 0.002709 0.000104456 9.06186e-06 4.08754e-05 2.11964e-05 -5.52609e-05 -4.88228e-06 0.000274766 -0.000235536 -9.06707e-05 0.000198898 -0.000130045 -0.000208596 0.000382274 0.000133697 0.000106199 -0.00022652
internal_weight=328960 2454 133 113 326506 243144 85034 89 46 83362 32048 51314 1684 274 49630 158110 105788 97578 52322 40894 8210 11428 28020 3354 24666 30211 4028 2184 49609 29281
internal_count=328960 2454 133 113 326506 243144 85034 89 46 83362 32048 51314 1684 274 49630 158110 105788 97578 52322 40894 8210 11428 28020 3354 24666 30211 4028 2184 49609 29281
is_linear=0
shrinkage=0.05


Tree=35
num_leaves=31
num_cat=0
split_feature=1 0 0 6 7 9 10 19 11 4 1 19 15 2 6 19 10 2 7 11 9 12 14 2 6 4 2 4 12 2
split_gain=0.3021 1.26598 0.261783 0.290329 0.27222 0.264041 0.197849 0.298569 0.175502 0.201158 0.216824 0.248325 0.19944 0.289248 0.191278 0.205497 0.185063 0.17974 0.169578 0.216788 0.140632 0.140067 0.138319 0.134889 0.126201 0.120383 0.101888 0.11633 0.107259 0.0996778
threshold=0.086454112000000014 0.21082894000000005 0.53941260000000002 6.2570000000000006 22.831750000000003 0.1145170075 -0.05700178999999999 0.25097282000000004 0.50328071500000016 0.051016141000000008 -0.0019415119999999996 0.77796740000000009 1.0715659000000002 -0.044694656499999992 30.141000000000002 0.99132317000000014 0.26840556000000004 -0.11779372999999999 32.328250000000004 -0.26372494999999996 -0.03219827799999999 0.57123162000000016 0.80215901500000009 -0.11779372999999999 56.117000000000004 0.20656249500000004 0.037345735000000012 0.26081909000000009 0.85000330000000013 -0.03786669849999999
decision_type=2 2 2 2 2 2 2 2 2 2 2 2 2 2 2 2 2 2 2 2 2 2 2 2 2 2 2 2 2 2
left_child=6 -2 3 -3 5 -5 7 18 9 12 25 -12 17 -14 -10 16 -16 -8 -1 21 -21 -20 -4 -9 -17 -11 27 -24 -28 -25
right_child=1 2 22 4 -6 -7 8 23 14 10 11 -13 13 -15 15 24 -18 -19 19 20 -22 -23 26 29 -26 -27 28 -29 -30 -31
leaf_value=0.00010906883246340961 0.0070158524170336831 -0.0019938709432608449 0.0020093084744908893 0.0010882599895703606 -0.0011567647912583891 0.0073815989028662449 -0.002680254807984013 0.0019087457047161278 -0.0014733769452601551 0.00014151532963494829 0.00016040023773662769 -8.8572711796872168e-05 0.00022506149274616096 -0.000148601570969546 -0.00021499656512353194 0.0022142535915533916 -0.0030951106376090574 -8.994489586484547e-06 0.00020729132065033849 4.4568274981135407e-05 -0.00031095444350775039 0.0022993583171564626 0.00090632179053500299 9.5012864016264084e-05 -0.00050952206580684738 0.0005592658109294271 0.00020841750140125539 0.004986600065603853 -0.00084725768331576933 0.00046373082201799543
leaf_weight=23093 72 27 107 25 21 50 63 139 433 23360 14647 31670 5678 58938 291 123 69 144984 177 4819 6579 146 138 2782 65 1862 2947 20 262 5373
leaf_count=23093 72 27 107 25 21 50 63 139 433 23360 14647 31670 5678 58938 291 123 69 144984 177 4819 6579 146 138 2782 65 1862 2947 20 262 5373
internal_value=-2.77324e-13 0.000451166 0.000319762 0.00258667 0.00387494 0.00528382 -5.08876e-06 9.46784e-05 -2.03298e-05 -1.80008e-05 5.4396e-05 -9.83905e-06 -4.27033e-05 -0.000115767 -0.000687935 -6.73219e-05 -0.000767018 -1.01547e-05 3.04512e-05 -0.000124443 -0.000160642 0.00115293 0.000239501 0.000364271 0.00127252 0.000172356 0.000183258 0.00142281 0.000122227 0.000337946
internal_weight=328960 3669 3597 123 96 75 325291 43108 282183 281202 71539 46317 209663 64616 981 548 360 145047 34814 11721 11398 323 3474 8294 188 25222 3367 158 3209 8155
internal_count=328960 3669 3597 123 96 75 325291 43108 282183 281202 71539 46317 209663 64616 981 548 360 145047 34814 11721 11398 323 3474 8294 188 25222 3367 158 3209 8155
is_linear=0
shrinkage=0.05


Tree=36
num_leaves=31
num_cat=0
split_feature=1 0 0 6 18 0 2 0 19 11 19 3 4 18 19 10 15 12 18 11 13 9 6 19 18 1 7 6 0 12
split_gain=0.272645 1.14255 0.236933 0.265846 0.280508 0.190769 0.184875 0.429099 0.207367 0.175254 0.227988 0.218392 0.204116 0.202508 0.175758 0.230735 0.167492 0.176516 0.175419 0.160505 0.149467 0.146472 0.1416 0.139362 0.134163 0.127009 0.112279 0.425594 0.141338 0.166154
threshold=0.086454112000000014 0.21082894000000005 0.53340986500000009 6.2570000000000006 0.9913978200000001 0.31011030500000009 -0.063557614999999984 0.067181670000000013 0.50887316500000013 0.37052975000000005 0.89464731500000017 0.10025985200000002 0.22005707000000002 0.94824153000000011 0.85164252000000007 0.10909882500000001 6.797431200000001 0.97043767000000003 0.11412083300000002 -0.23525202499999998 0.36850227000000008 -0.093823311999999978 27.907000000000004 0.010327053000000001 0.21956002000000002 0.10007797 11.826750000000002 12.393000000000002 9.8222330000000024 0.34179464000000004
decision_type=2 2 2 2 2 2 2 2 2 2 2 2 2 2 2 2 2 2 2 2 2 2 2 2 2 2 2 2 2 2
left_child=6 -2 3 -3 5 -5 7 -1 19 12 -11 22 16 -13 15 -14 17 -8 -18 23 -16 24 -12 -9 -10 -6 27 -4 29 -28
right_child=1 2 26 4 25 -7 9 8 21 10 11 13 14 -15 20 -17 18 -19 -20 -21 -22 -23 -24 -25 -26 -27 28 -29 -30 -31
leaf_value=-0.0071247016161214566 0.0066650597896012994 -0.0018941773989893222 0.00043873733686277213 -0.0026099527999758725 0.0041941897914512085 0.0036942931545975929 -9.2592649416529474e-06 -0.00032758834988738878 0.00092844321842159281 -0.0012706751684237333 -0.00020164343633853694 -0.0015692039827861241 0.00083946273582644407 -0.00022238866612271622 0.0013309648132751436 -0.0017033998101229839 0.00024128284787797939 0.001296605190210396 -0.00048790987221393754 3.4395191757850848e-05 0.00034968353357824744 0.00053791135402369574 0.0010399711347710105 0.0012959236992586541 0.0048531213912371496 0.0095892186183482424 0.0022848602291843339 0.0055613139773846515 -0.00091177385033190976 8.423273689215987e-05
leaf_weight=20 72 27 1172 20 24 30 302465 183 51 591 449 365 151 1186 453 218 1083 259 3459 8304 2707 2363 470 476 38 20 90 42 345 1827
leaf_count=20 72 27 1172 20 24 30 302465 183 51 591 449 365 151 1186 453 218 1083 259 3459 8304 2707 2363 470 476 38 20 90 42 345 1827
internal_value=7.09109e-14 0.000428607 0.000303774 0.00247878 0.00373484 0.00117259 -4.83432e-06 0.000192644 0.000205465 -1.20292e-05 -0.000388511 -0.000177435 -8.32129e-06 -0.000539337 0.000369776 -0.000662825 -1.26638e-05 -8.14201e-06 -0.00031404 9.40007e-05 0.000490355 0.000612909 0.00043335 0.000845085 0.00260415 0.00664648 0.000228062 0.00061596 1.988e-05 0.000187549
internal_weight=328960 3669 3597 121 94 50 325291 11435 11415 313856 3061 2470 310795 1551 3529 369 307266 302724 4542 8963 3160 2452 919 659 89 44 3476 1214 2262 1917
internal_count=328960 3669 3597 121 94 50 325291 11435 11415 313856 3061 2470 310795 1551 3529 369 307266 302724 4542 8963 3160 2452 919 659 89 44 3476 1214 2262 1917
is_linear=0
shrinkage=0.05


Tree=37
num_leaves=31
num_cat=0
split_feature=1 12 14 20 2 2 10 8 16 16 2 11 3 5 8 14 7 11 3 3 12 11 11 20 13 8 3 20 13 1
split_gain=0.246062 0.553343 0.238399 0.562505 0.189509 0.255216 0.175635 0.208203 0.196812 0.194857 0.212755 0.211537 0.178493 0.172943 0.177803 0.161967 0.143328 0.12845 0.123925 0.123749 0.133205 0.167608 0.119769 0.139798 0.113262 0.109565 0.106237 0.100873 0.0946836 0.0942672
threshold=0.086454112000000014 0.34179464000000004 0.74609703000000016 0.99566160000000015 0.025807772500000003 0.15523051000000002 -0.05700178999999999 27.548833000000005 0.23022008000000002 0.25491212500000004 -0.060925047499999989 0.068987977500000019 -0.014844276999999998 0.54882355000000016 16.106166500000004 1.1942491500000003 13.515250000000002 -0.096832209999999988 -0.024981057499999997 0.0032365951500000004 0.49980055000000007 -0.051159543999999994 -0.18033800999999997 0.96798575000000009 0.7047366650000001 8.9911665000000003 0.20698681500000002 0.99566160000000015 0.63603136500000013 0.099615935000000017
decision_type=2 2 2 2 2 2 2 2 2 2 2 2 2 2 2 2 2 2 2 2 2 2 2 2 2 2 2 2 2 2
left_child=6 4 3 16 -2 -6 7 8 22 11 18 -8 25 15 -15 -12 28 -10 24 -9 -21 -22 23 -1 -11 -13 -18 -24 -3 -7
right_child=1 2 -4 -5 5 29 9 19 17 10 13 12 -14 14 -16 -17 26 -19 -20 20 21 -23 27 -25 -26 -27 -28 -29 -30 -31
leaf_value=0.00048967555026382384 0.0059562922830486463 0.0010105181894875291 0.00015155526230930158 0.0098406735408518992 -0.00095690932012749497 0.0059492484220991966 -0.00011721454740161039 -1.8910485642827812e-05 0.00017640162716439116 0.00045947957702112061 -2.8307968097605578e-05 0.0019584169820079517 -0.00035583375829256129 -0.0015063109521268822 -0.00010105738329541593 6.7741226053695877e-05 0.00091147755579599598 0.00084969361542273523 1.9075678461539573e-05 -0.001217301697751775 0.00026932903791545263 -0.0014950796114114513 9.3246753360404395e-05 -0.0007980230500608935 0.0015397443127392978 0.00062893714517610908 -0.0035741317800288513 -0.00095044720764678615 0.0054824126302264638 0.0025245405481718248
leaf_weight=3128 36 29 3272 21 54 23 54646 13662 1243 2248 160832 203 382 386 540 60365 33 1647 1654 459 583 175 21751 226 272 655 22 234 20 159
leaf_count=3128 36 29 3272 21 54 23 54646 13662 1243 2248 160832 203 382 386 540 60365 33 1647 1654 459 583 175 21751 226 272 655 22 234 20 159
internal_value=1.83929e-13 0.000407177 0.000233425 0.00237644 0.00257716 0.0020617 -4.5926e-06 8.94069e-05 0.000169183 -1.89525e-05 1.69528e-06 -0.000102561 0.000543213 -4.95057e-06 -0.000686833 -2.096e-06 0.000869242 0.000560108 0.00035536 -6.19475e-05 -0.000545079 -0.000138021 0.000124597 0.000402908 0.00057608 0.000943488 -0.000882766 8.21381e-05 0.00283578 0.00295733
internal_weight=328960 3669 3397 125 272 236 325291 43108 28229 282183 226297 55886 1240 222123 926 221197 104 2890 4174 14879 1217 758 25339 3354 2520 858 55 21985 49 182
internal_count=328960 3669 3397 125 272 236 325291 43108 28229 282183 226297 55886 1240 222123 926 221197 104 2890 4174 14879 1217 758 25339 3354 2520 858 55 21985 49 182
is_linear=0
shrinkage=0.05


Tree=38
num_leaves=31
num_cat=0
split_feature=1 0 0 6 18 0 3 12 18 4 2 13 12 18 7 11 0 18 6 0 1 10 1 14 4 13 14 13 13 14
split_gain=0.222071 0.980851 0.199741 0.236374 0.243943 0.171391 0.165907 0.197809 0.257921 0.1953 0.191954 0.16709 0.163868 0.240678 0.171597 0.157702 0.157392 0.123452 0.121673 0.12208 0.113373 0.112264 0.157285 0.111225 0.144542 0.143188 0.110339 0.165502 0.332804 0.104282
threshold=0.086454112000000014 0.21082894000000005 0.53340986500000009 6.2570000000000006 0.9913978200000001 0.31011030500000009 -0.028940364 0.40354335000000002 0.27933128500000004 -0.0046744579999999985 -0.11779372999999999 0.51038065000000021 0.85000330000000013 0.15118277000000002 220.92175000000003 0.077635590000000018 0.62521230000000017 0.54509003500000008 308.10100000000006 0.060780418500000009 0.10007797 -0.031711121499999995 -0.036293005499999996 1.8012256500000003 0.17552549500000003 0.36025262000000008 0.80215901500000009 0.69318337000000019 0.63051970000000013 1.0019526500000002
decision_type=2 2 2 2 2 2 2 2 2 2 2 2 2 2 2 2 2 2 2 2 2 2 2 2 2 2 2 2 2 2
left_child=6 -2 3 -3 5 -5 7 11 18 16 17 -1 23 -14 -15 -12 21 -10 19 -9 -6 -8 -23 24 -11 -25 27 28 -4 -18
right_child=1 2 26 4 20 -7 9 8 10 12 15 -13 13 14 -16 -17 29 -19 -20 -21 -22 22 -24 25 -26 -27 -28 -29 -30 -31
leaf_value=-4.342424072807915e-05 0.0061651376910352466 -0.0018552715152812501 0.00089850165043026207 -0.002522155084880069 0.0038508987483510284 0.0034533414048686008 0.00010314659041058672 -0.0034853577014776725 0.0013148552774509882 -1.2601492084189691e-05 0.00024431437276725774 0.00042807012517422083 0.0044120666182910408 -0.00055856413122575433 -0.0046622120667822089 0.0007933821457372823 -0.00021593578740991114 0.0048144527723909258 -0.00095814347516831122 8.1984389927576318e-05 0.0089480945840477947 0.0017054525943099325 -7.8670874708606318e-05 0.00028698570713690748 0.00022062051423267929 -3.043100330548029e-05 0.00015143526913901143 -0.0010380563452573759 0.0082781288444741877 -4.225029404082911e-05
leaf_weight=39461 72 27 50 20 24 30 12703 24 84 134380 6750 1973 24 1261 26 1622 26618 36 285 33087 20 124 32677 7939 6989 6431 3369 35 22 12797
leaf_count=39461 72 27 50 20 24 30 12703 24 84 134380 6750 1973 24 1261 26 1622 26618 36 285 33087 20 124 32677 7939 6989 6431 3369 35 22 12797
internal_value=-1.83464e-14 0.000386818 0.000271155 0.00226817 0.00345256 0.00106314 -4.36297e-06 5.64878e-05 0.000133109 -2.53169e-05 0.000379152 -2.09727e-05 7.71429e-06 -0.000548953 -0.000641466 0.000350691 -8.64051e-05 0.00236473 7.05443e-05 7.93987e-05 0.00616781 -2.30525e-05 -7.19262e-05 1.24003e-05 -1.07146e-06 0.000144932 0.000201639 0.00178235 0.00315339 -0.000159545
internal_weight=328960 3669 3597 121 94 50 325291 83322 41888 241969 8492 41434 157050 1311 1287 8372 84919 120 33396 33111 44 45504 32801 155739 141369 14370 3476 107 72 39415
internal_count=328960 3669 3597 121 94 50 325291 83322 41888 241969 8492 41434 157050 1311 1287 8372 84919 120 33396 33111 44 45504 32801 155739 141369 14370 3476 107 72 39415
is_linear=0
shrinkage=0.05


Tree=39
num_leaves=31
num_cat=0
split_feature=2 0 6 11 12 20 20 15 15 12 12 7 13 15 5 17 13 7 13 13 17 4 12 12 20 0 18 6 7 18
split_gain=0.182864 0.643853 0.241595 0.160687 0.152304 0.462264 0.232423 0.254227 0.233992 0.215905 0.202851 0.209742 0.160352 0.192442 0.150024 0.143698 0.142001 0.141546 0.133274 0.132751 0.122272 0.145961 0.128819 0.121175 0.120306 0.101827 0.244606 0.187059 0.169869 0.0947632
threshold=0.15523051000000002 0.33115713500000005 16.073000000000004 -0.17444697999999997 0.77737827500000012 0.96434926500000007 0.8712283500000001 4.8017644500000012 3.0700221000000005 0.58668543000000006 0.85000330000000013 4.8967500000000008 0.68197630000000009 2.6591699500000003 0.54882355000000016 0.079902950000000014 0.71821207500000017 39.374250000000011 0.64211123000000014 0.63603136500000013 0.062828852500000018 -0.14982726999999998 0.89321780500000003 0.48185835000000005 0.98698477000000018 1.9103498000000003 0.9913978200000001 9.219000000000003 16.911750000000001 0.98709669500000008
decision_type=2 2 2 2 2 2 2 2 2 2 2 2 2 2 2 2 2 2 2 2 2 2 2 2 2 2 2 2 2 2
left_child=3 2 -2 18 6 12 7 17 14 -10 16 -12 15 -14 -8 -6 -7 -5 24 -9 -20 23 -23 -22 -1 26 -3 -28 -29 -27
right_child=1 25 -4 4 5 10 8 19 9 -11 11 -13 13 -15 -16 -17 -18 -19 20 -21 21 22 -24 -25 -26 29 27 28 -30 -31
leaf_value=0.00015340536360345798 0.0082779675136290254 -0.0004412912769364291 0.0027934697832454718 4.1098167082494674e-06 -0.0011851803279551044 0.00016561285874409047 3.1668152335968542e-05 -0.00026139214670799384 0.00061698177257045884 0.00015672850754936194 0.0019258782864199021 -0.00029950566980741942 -2.7574455385741744e-05 -0.001778117632314234 -0.0017414638376916022 -0.00012211400835291912 0.0011275322041625899 -9.3971564222174934e-05 -0.0031752582191256805 -0.00096705599185643995 -0.0037308424977319579 0.0010158858935215868 0.0040391865431809344 0.00017798244632705949 -0.0014683192380069725 0.00057719668443940986 -0.00064529721947530151 0.0058401156990033273 0.00076986476875996843 -0.00041024093378357529
leaf_weight=8089 31 101 57 230535 490 1274 20269 3944 3706 8155 110 2827 206 660 120 905 549 43768 20 802 21 738 37 355 116 481 26 53 24 491
leaf_count=8089 31 101 57 230535 490 1274 20269 3944 3706 8155 110 2827 206 660 120 905 549 43768 20 802 21 738 37 355 116 481 26 53 24 491
internal_value=2.85066e-13 0.00060024 0.00472551 -2.31526e-06 -8.32426e-06 -0.000238618 -3.13023e-06 -1.78177e-05 0.000123955 0.000300536 4.09979e-05 -0.000216158 -0.000827284 -0.00136171 2.12323e-05 -0.000495521 0.000455297 -1.15401e-05 0.000201693 -0.000380638 0.000700687 0.000768036 0.00116022 -4.03296e-05 0.000130478 0.000291546 0.00130713 0.0030216 0.00425978 7.83985e-05
internal_weight=328960 1264 88 327696 318320 7021 311299 279049 32250 11861 4760 2937 2261 866 20389 1395 1823 274303 9376 4746 1171 1151 775 376 8205 1176 204 103 77 972
internal_count=328960 1264 88 327696 318320 7021 311299 279049 32250 11861 4760 2937 2261 866 20389 1395 1823 274303 9376 4746 1171 1151 775 376 8205 1176 204 103 77 972
is_linear=0
shrinkage=0.05


Tree=40
num_leaves=31
num_cat=0
split_feature=1 0 0 8 7 11 13 19 19 12 11 9 12 8 4 11 10 12 3 8 14 10 8 17 15 8 13 13 7 6
split_gain=0.190139 0.836781 0.162458 0.226405 0.240271 0.154239 0.26642 0.164178 0.162519 0.156552 0.194322 0.374569 0.238138 0.196367 0.237012 0.134883 0.132512 0.114906 0.113393 0.112667 0.138675 0.112559 0.111806 0.109852 0.124246 0.102912 0.222529 0.210026 0.101716 0.378717
threshold=0.086454112000000014 0.21082894000000005 0.51540407500000007 10.349666750000003 19.588250000000006 -0.11435891499999999 0.66439225000000013 0.36217231500000008 0.053741223000000012 0.81795037000000004 0.087575512000000008 -0.025189757499999996 0.53369701500000011 77.645250000000019 -0.07885043999999998 -0.07457121999999998 -0.014943090999999997 0.97043767000000003 0.041827214500000008 28.355000000000004 0.37278154500000005 -0.15628770999999997 67.836167000000003 0.17823492000000002 0.79410366500000007 38.665333000000011 0.81457650000000015 0.81457650000000015 11.826750000000002 12.393000000000002
decision_type=2 2 2 2 2 2 2 2 2 2 2 2 2 2 2 2 2 2 2 2 2 2 2 2 2 2 2 2 2 2
left_child=5 -2 3 -3 -5 6 7 19 22 10 13 16 -13 14 -7 17 -12 -11 21 -1 -21 -10 -8 24 -9 26 -17 -27 29 -4
right_child=1 2 28 4 -6 9 8 23 18 15 11 12 -14 -15 -16 25 -18 -19 -20 20 -22 -23 -24 -25 -26 27 -28 -29 -30 -31
leaf_value=9.2873343779504257e-05 0.0056950367884484078 -0.001156240156463658 0.00039264507852104823 0.0055267325132417515 -0.00050333463247322172 0.00014934253319934135 -0.00022941693657077563 0.00057478968875462498 -0.00091534207804865476 0.00060456602813621218 0.00090947561662021819 0.00011060558255245298 -0.00011958597896390259 -0.00021841080055327251 -3.4915945569257679e-05 -0.00040531125527671258 0.00032900440644371488 0.0045887592809528794 7.2110737713205355e-05 -0.0042982123669935389 -0.00012975137853279818 0.0013932313620890766 0.0011691458155895973 0.00092764759808635277 2.8542919230402505e-05 -0.00030725578732657745 0.00072194913343321407 -0.0016904440106716571 -7.2393172672691857e-06 0.0052247389014588586
leaf_weight=13853 72 36 1174 53 24 19084 606 1656 56 102 1382 33695 16856 13091 204135 2370 3407 22 252 20 8318 924 187 649 2803 889 537 397 2268 42
leaf_count=13853 72 36 1174 53 24 19084 606 1656 56 102 1382 33695 16856 13091 204135 2370 3407 22 252 20 8318 924 187 649 2803 889 537 397 2268 42
internal_value=1.56042e-13 0.000357929 0.000251098 0.00211692 0.00364723 -4.03712e-06 0.000105344 6.42968e-05 0.000658697 -1.48744e-05 -1.04502e-05 7.38874e-05 3.38493e-05 -3.02007e-05 -1.91629e-05 -0.000313769 0.000496516 0.00131144 0.00101807 5.4679e-06 -0.00013975 0.00126131 0.000100383 0.000319871 0.00023141 -0.000361831 -0.000197076 -0.000734259 0.000190581 0.000559543
internal_weight=328960 3669 3597 113 77 325291 29324 27299 2025 295967 291650 55340 50551 236310 223219 4317 4789 124 1232 22191 8338 980 793 5108 4459 4193 2907 1286 3484 1216
internal_count=328960 3669 3597 113 77 325291 29324 27299 2025 295967 291650 55340 50551 236310 223219 4317 4789 124 1232 22191 8338 980 793 5108 4459 4193 2907 1286 3484 1216
is_linear=0
shrinkage=0.05


Tree=41
num_leaves=31
num_cat=0
split_feature=1 0 4 0 13 12 20 15 4 11 19 6 20 4 4 12 19 10 16 19 16 0 20 13 11 15 2 20 4 12
split_gain=0.172705 0.400448 0.143848 0.197703 0.193768 0.205265 0.170749 0.1303 0.143554 0.121608 0.204493 0.199459 0.240614 0.185155 0.180004 0.17873 0.165033 0.195747 0.150955 0.14818 0.178275 0.137974 0.107921 0.103853 0.103678 0.0978677 0.124689 0.10896 0.0943884 0.149948
threshold=0.099615935000000017 0.21082894000000005 -0.13278348499999995 0.060780418500000009 0.40642353000000003 0.37760313500000003 0.99132317000000014 10.043685000000002 -0.22107502999999998 0.37052975000000005 0.93361913000000007 29.191000000000006 0.88256902500000012 0.26081909000000009 0.22005707000000002 0.54650045000000003 0.85164252000000007 0.10909882500000001 0.8905710750000001 0.96779950000000015 0.66418562000000014 16.680021500000006 0.45950912500000002 0.54704040000000009 -0.26372494999999996 0.6094470500000001 0.11408359800000002 0.92175390000000013 0.16766795500000004 0.45474245000000008
decision_type=2 2 2 2 2 2 2 2 2 2 2 2 2 2 2 2 2 2 2 2 2 2 2 2 2 2 2 2 2 2
left_child=2 -2 3 -1 5 22 -7 24 -9 14 13 15 -13 -11 19 -12 17 -16 -18 20 -4 -21 -5 28 -6 -25 27 -27 -3 -30
right_child=1 23 9 4 7 6 -8 8 -10 10 11 12 -14 -15 16 -17 18 -19 -20 21 -22 -23 -24 25 -26 26 -28 -29 29 -31
leaf_value=-0.0047958126966841522 0.0044183694641105834 0.00026003454365322728 -3.0549314513871566e-05 0.00037911833572683176 0.00062454311102094415 0.00089719833535802486 -0.0013912476814242408 0.0050676476874893222 0.00084020053237634975 -0.00065062510312614407 0.0014118187033233445 -0.00098447804393644281 0.00082055012539993715 -0.0027330366896226341 0.00066508208796360168 -0.00065177438845086168 0.00076987749881938204 -0.0015624919342192311 0.00010285633070898162 -0.00022083593497286138 5.3394970323745531e-05 -0.0020660747252628266 -0.00067357720828765781 0.0033192713686730716 -2.4504481314988755e-05 -0.00069842675400542064 -0.00067860781604373748 0.00090442967015855527 0.0027998910717971469 0.00070594146119174394
leaf_weight=20 61 804 211288 570 670 1986 85 24 123 906 115 234 875 121 171 1198 1765 233 1633 6157 90270 103 425 21 7534 151 513 356 106 442
leaf_count=20 61 804 211288 570 670 1986 85 24 123 906 115 234 875 121 171 1198 1765 233 1633 6157 90270 103 425 21 7534 151 513 356 106 442
internal_value=-1.38159e-13 0.000417888 -3.14082e-06 0.000171049 0.00017975 0.000519702 0.000803274 5.4939e-05 0.0015304 -9.4639e-06 -0.000304731 -5.40269e-05 0.000439688 -0.000895973 -6.1959e-06 -0.000471033 0.000335736 -0.000619633 0.000449323 -1.04192e-05 -5.42098e-06 -0.000251197 -7.05255e-05 0.000315911 2.85016e-05 -5.94684e-05 -0.000129031 0.00042705 0.000604943 0.00111098
internal_weight=328960 2454 326506 11437 11417 3066 2071 8351 147 315069 3449 2422 1109 1027 311620 1313 3802 404 3398 307818 301558 6260 995 2393 8204 1041 1020 507 1352 548
internal_count=328960 2454 326506 11437 11417 3066 2071 8351 147 315069 3449 2422 1109 1027 311620 1313 3802 404 3398 307818 301558 6260 995 2393 8204 1041 1020 507 1352 548
is_linear=0
shrinkage=0.05


Tree=42
num_leaves=31
num_cat=0
split_feature=1 0 11 0 8 18 2 0 19 9 11 18 3 8 15 8 13 4 15 19 9 13 2 19 7 15 13 0 12 18
split_gain=0.15872 0.704363 0.143148 0.142885 0.201702 0.239532 0.14114 0.359416 0.208577 0.155027 0.136241 0.130148 0.182678 0.178031 0.166368 0.155229 0.141459 0.120529 0.174331 0.180884 0.140254 0.122449 0.115404 0.101884 0.0926337 0.158255 0.340378 0.130599 0.129931 0.10461
threshold=0.086454112000000014 0.21082894000000005 0.50328071500000016 0.51540407500000007 10.349666750000003 0.9913978200000001 -0.063557614999999984 0.067181670000000013 0.50887316500000013 -0.093823311999999978 -0.23525202499999998 0.9913978200000001 0.16493348000000005 8.6335835000000021 1.8497740500000002 17.425916500000003 0.61948612000000014 0.17552549500000003 6.797431200000001 0.90648945000000014 0.011589004000000002 0.71821207500000017 0.028042765500000004 0.76977182500000019 11.826750000000002 3.4869925000000004 0.75528445000000011 9.8222330000000024 0.34179464000000004 0.99569890000000016
decision_type=2 2 2 2 2 2 2 2 2 2 2 2 2 2 2 2 2 2 2 2 2 2 2 2 2 2 2 2 2 2
left_child=2 -2 6 4 -3 -6 7 -1 10 -10 -9 12 14 -13 16 -16 -4 18 21 -20 23 -8 -15 -19 25 -5 -27 28 -26 -29
right_child=1 3 11 24 5 -7 17 8 9 -11 -12 13 -14 22 15 -17 -18 20 19 -21 -22 -23 -24 -25 27 26 -28 29 -30 -31
leaf_value=-0.0065255421702750038 0.0052236660144343557 -0.0011106158307585348 -0.00072918081725085234 0.00022543559358617008 0.00074111912985245002 0.0063228218297071356 -1.2585716560622864e-05 0.00076460676580116589 0.0027773153016294348 0.00052463403040134264 1.7684073224149246e-05 -0.0022992381382040505 -0.0021074843912559506 0.0040659660308231269 -0.0017836038618078615 1.7013116067025614e-06 0.0040584665166938467 -0.00054484001526101825 -0.000195568454187801 -0.0011154050149331902 6.5934243858330985e-05 0.00026179399704128663 0.00065240004938474404 0.00065469453688571301 0.0019470470163076626 0.0023087387886015789 -0.003054096758954556 -0.00041448290233697319 5.0486139275612647e-05 -0.0024350366574328614
leaf_weight=20 72 36 27 954 40 37 295233 659 79 2298 8298 43 222 31 204 302 36 196 3954 618 6997 4123 123 1828 95 228 34 260 1828 85
leaf_count=20 72 36 27 954 40 37 295233 659 79 2298 8298 43 222 31 204 302 36 196 3954 618 6997 4123 123 1828 95 228 34 260 1828 85
internal_value=2.72572e-13 0.000327022 -3.68853e-06 0.000229008 0.00197882 0.00342324 -1.85777e-06 0.000171316 0.000183134 0.000599502 7.2638e-05 -0.000604619 -0.000891006 0.000545294 -0.000416387 -0.000718066 0.00200662 -8.14064e-06 -1.34866e-05 -0.000319903 0.000171969 -8.80671e-06 0.00133955 0.000538534 0.000172254 0.000524357 0.0016128 -1.6528e-05 0.00014418 -0.0009123
internal_weight=328960 3669 325291 3597 113 77 324303 11354 11334 2377 8957 988 791 197 569 506 63 312949 303928 4572 9021 299356 154 2024 3484 1216 262 2268 1923 345
internal_count=328960 3669 325291 3597 113 77 324303 11354 11334 2377 8957 988 791 197 569 506 63 312949 303928 4572 9021 299356 154 2024 3484 1216 262 2268 1923 345
is_linear=0
shrinkage=0.05


Tree=43
num_leaves=31
num_cat=0
split_feature=1 0 3 4 15 12 18 0 3 5 0 7 7 7 18 18 4 15 18 13 15 19 3 0 17 6 0 14 13 7
split_gain=0.143245 0.635688 0.139763 0.169398 0.192944 0.168274 0.228288 0.311404 0.189292 0.135623 0.128953 0.182194 0.205625 0.127761 0.126844 0.122983 0.119245 0.257507 0.163595 0.117783 0.111006 0.108549 0.108334 0.102269 0.101518 0.0923668 0.14719 0.117929 0.108918 0.087295
threshold=0.086454112000000014 0.21082894000000005 -0.028940364 -0.0046744579999999985 1.0081418000000002 0.30913015000000005 0.069860970000000008 0.060780418500000009 -0.12563442499999997 0.54882355000000016 0.51540407500000007 10.284250000000002 22.831750000000003 7.4102500000000004 0.9913978200000001 0.27933128500000004 0.22005707000000002 8.4677305000000018 0.89799920000000011 0.43207647500000007 2.7128425500000004 0.99566160000000015 0.12779994000000003 1.9410276500000003 0.34474925000000006 103.07700000000001 9.8222330000000024 0.74609703000000016 0.69318337000000019 3.4692500000000002
decision_type=2 2 2 2 2 2 2 2 2 2 2 2 2 2 2 2 2 2 2 2 2 2 2 2 2 2 2 2 2 2
left_child=2 -2 5 4 23 19 7 -7 -8 16 11 -3 14 29 -13 -10 18 -18 -5 -1 -9 -15 -6 24 -4 27 -27 28 -12 -11
right_child=1 10 3 9 22 6 8 20 15 13 25 12 -14 21 -16 -17 17 -19 -20 -21 -22 -23 -24 -25 -26 26 -28 -29 -30 -31
leaf_value=-0.00010091206337724602 0.0049624827872523586 -0.0011172827805525491 -1.6152161148498619e-05 2.7161929320817646e-05 -0.00018811345148430719 -0.0061406278616881801 0.00073295915090566268 -0.00012779451660995873 7.682030190221567e-05 0.00044806674809008435 0.0032511826083818809 0.0017411740410766055 -0.0011470289784483612 -0.0008369520871195689 0.0065601749966541934 0.00025716665054156818 0.00018986709920076281 0.0021626986107358514 -0.00011213806204006233 0.00036264625249369533 0.00014507595835925747 0.0004373254778221889 0.0011371658063346272 -0.0009651273341349713 -0.0017767533192854013 -0.0003238403527633482 -0.0041508576013790125 0.00018119108425903121 -0.00068670499516883862 -0.0026299165511383246
leaf_weight=19833 72 35 54432 126422 29963 21 1375 12813 28377 29 59 22 20 436 36 14175 4314 172 25294 1472 5256 271 155 287 82 188 29 3183 25 112
leaf_count=19833 72 35 54432 126422 29963 21 1375 12813 28377 29 59 22 20 436 36 14175 4314 172 25294 1472 5256 271 155 287 82 188 29 3183 25 112
internal_value=2.11967e-13 0.000310671 -3.5041e-06 -2.27364e-05 -7.96296e-05 5.23469e-05 9.39939e-05 -5.54928e-05 0.000155555 8.02651e-06 0.000217557 0.00187988 0.00322476 -0.000622586 0.00473228 0.000136898 1.145e-05 0.000265508 3.93792e-06 -6.8884e-05 -4.84206e-05 -0.000348509 -0.000181293 -2.37565e-05 -1.88005e-05 0.000163641 -0.000835285 0.000229992 0.00207919 -0.00199686
internal_weight=328960 3669 325291 241969 84919 83322 62017 18090 43927 157050 3597 113 78 848 58 42552 156202 4486 151716 21305 18069 707 30118 54801 54514 3484 217 3267 84 141
internal_count=328960 3669 325291 241969 84919 83322 62017 18090 43927 157050 3597 113 78 848 58 42552 156202 4486 151716 21305 18069 707 30118 54801 54514 3484 217 3267 84 141
is_linear=0
shrinkage=0.05


Tree=44
num_leaves=31
num_cat=0
split_feature=20 12 3 1 0 16 18 20 18 0 2 12 6 11 14 15 12 8 9 6 6 15 17 12 20 20 14 19 10 0
split_gain=0.132083 0.308154 0.259426 0.258809 0.667606 0.212027 0.370846 0.21457 0.188829 0.196206 0.18646 0.185669 0.182294 0.190237 0.14282 0.12503 0.157274 0.269263 0.234981 0.155918 0.133374 0.132704 0.129369 0.125313 0.237685 0.199503 0.135481 0.112261 0.227486 0.132974
threshold=0.40747082000000007 0.32435674000000009 0.0036619685000000004 0.061044517500000006 0.11406368300000001 0.63437668500000022 0.14310093500000001 0.75441717500000005 0.25098821000000004 0.044808896500000008 0.037345735000000012 0.51581817000000008 6.4230000000000009 0.047016324500000005 0.80215901500000009 2.5044441500000008 0.36875368500000005 24.717000000000002 -0.0057137593499999991 2.3530000000000002 54.967000000000006 0.63885679500000003 0.17823492000000002 0.25193539500000006 0.24895390500000003 0.13009641500000005 1.0960863000000003 0.57196272000000015 0.013619103000000002 0.81537592000000003
decision_type=2 2 2 2 2 2 2 2 2 2 2 2 2 2 2 2 2 2 2 2 2 2 2 2 2 2 2 2 2 2
left_child=15 14 3 8 -5 12 10 -8 9 -3 -7 -10 -4 -14 -2 16 23 18 -18 -17 22 -19 -21 24 -1 -25 -26 28 -16 -30
right_child=1 2 5 4 -6 6 7 -9 11 -11 -12 -13 13 -15 27 19 17 21 -20 20 -22 -23 -24 25 26 -27 -28 -29 29 -31
leaf_value=-5.178402114578272e-05 3.7035947544627214e-05 -0.0040542819102605187 0.00011400600124455145 0.0086075852038683728 0.00064049975905345312 0.0015184055879025869 -0.00010969697434176638 9.1649605517026361e-05 6.4178583328472122e-05 -9.4780616350296858e-06 0.0057875252541686809 0.00030363751990460943 -0.00014126335746657571 -0.00045770118569148517 0.00030883669395805383 0.003376358786287407 0.00068422814987868091 0.00022391554760853435 9.0940320084586637e-05 -0.0004407661040265609 -0.0015099144998192522 -0.0005764607964478687 0.00089485658282316785 0.00026795700612046349 7.0041916055806286e-05 -0.00014860649693263682 0.0004023287029320101 0.00015371422977553172 0.00055105613846535568 0.0016357209695900957
leaf_weight=63264 9126 30 4979 27 1006 95 25694 27281 27211 49548 35 11523 20144 6215 6246 27 2704 785 4360 1850 261 1522 201 3105 9782 38678 4469 7661 580 551
leaf_count=63264 9126 30 4979 27 1006 95 25694 27281 27211 49548 35 11523 20144 6215 6246 27 2704 785 4360 1850 261 1522 201 3105 9782 38678 4469 7661 580 551
internal_value=5.81209e-15 2.57746e-05 2.51251e-06 6.19025e-05 0.000848739 -6.03251e-05 5.37628e-07 -6.00776e-06 5.26987e-05 -1.19256e-05 0.00266778 0.000135415 -0.000163462 -0.000215874 0.000193076 -3.89452e-05 -3.23594e-05 0.000164876 0.000318043 -0.00040123 -0.000445346 -0.000304118 -0.000309874 -4.78525e-05 -1.02291e-05 -0.000117651 0.000174244 0.000287771 0.000426988 0.00107948
internal_weight=328960 197952 173788 89345 1033 84443 53105 52975 88312 49578 130 38734 31338 26359 24164 131008 128669 9371 7064 2339 2312 2307 2051 119298 77515 41783 14251 15038 7377 1131
internal_count=328960 197952 173788 89345 1033 84443 53105 52975 88312 49578 130 38734 31338 26359 24164 131008 128669 9371 7064 2339 2312 2307 2051 119298 77515 41783 14251 15038 7377 1131
is_linear=0
shrinkage=0.05


Tree=45
num_leaves=31
num_cat=0
split_feature=1 2 14 12 12 2 7 8 10 16 15 1 16 10 4 8 13 14 10 10 16 15 8 14 12 1 4 4 9 3
split_gain=0.123321 0.327188 0.138961 0.406704 0.148862 0.155792 0.143352 0.163248 0.126337 0.261595 0.323987 1.22957 0.182087 0.156887 0.188032 0.148713 0.160049 0.13893 0.130177 0.12893 0.128695 0.12666 0.11552 0.111113 0.106596 0.0988847 0.0958172 0.0957637 0.0942094 0.0930018
threshold=0.086454112000000014 0.011086544000000002 0.80215901500000009 0.89321780500000003 0.34179464000000004 0.15523051000000002 13.515250000000002 8.1799165000000027 -0.040225168499999991 0.33898485000000006 0.25565361000000003 -0.0086348714999999968 0.37650501000000008 -0.016849375999999996 -0.043871555999999999 34.071667500000011 0.63603136500000013 1.2980007000000002 -0.17816881499999998 0.013619103000000002 0.23022008000000002 1.0279017500000001 11.925583500000002 0.45821644500000008 0.77737827500000012 0.015449812000000002 -1.0000000180025095e-35 -0.10516413999999999 0.027957583000000005 -0.020886124999999995
decision_type=2 2 2 2 2 2 2 2 2 2 2 2 2 2 2 2 2 2 2 2 2 2 2 2 2 2 2 2 2 2
left_child=8 -2 3 6 5 26 7 -3 9 15 11 -11 21 -14 19 20 18 -16 -17 -15 27 25 -12 -8 -18 -10 -4 -1 -22 -23
right_child=1 2 4 -5 -6 -7 23 -9 12 10 22 -13 13 14 17 16 24 -19 -20 -21 28 29 -24 -25 -26 -27 -28 -29 -30 -31
leaf_value=0.00016887095651563731 0.0032828717809065843 -0.00048148784643182394 -0.003029821063059249 0.0071439945213829306 6.086581849985615e-05 0.0020593888863883907 -0.0038589525082594871 0.0050694108500869738 -6.6050080309127817e-05 0.014471795905119506 0.0010684112273969839 0.00018582139412307594 0.00024431560801151759 -0.00018422786965213277 -1.9460223452967125e-05 0.00093146793179804156 0.00048067504884586639 8.297666587178478e-05 -0.00016862500503903984 -0.00083934458860231891 0.00035340664570102369 -6.3023434246700985e-05 0.00023421947855847646 0.00046503734483849257 -0.00025939285750475356 0.00019735102520812578 0.0012289144769310953 4.3524841780124322e-06 -0.00041077839737729848 -0.00028249556511979689
leaf_weight=12690 89 26 28 28 3201 182 24 27 45210 20 595 61 6676 4012 133132 274 1836 44052 14490 924 5703 8067 1372 39 662 3868 25 29195 434 12018
leaf_count=12690 89 26 28 28 3201 182 24 27 45210 20 595 61 6676 4012 133132 274 1836 44052 14490 924 5703 8067 1372 39 662 3868 25 29195 434 12018
internal_value=-2.33184e-14 0.000288256 0.000213809 0.00173548 0.000150037 0.00136467 0.000429974 0.00234633 -3.25128e-06 5.77395e-05 0.000614172 0.00371322 -1.9171e-05 6.25481e-06 -2.47182e-06 4.02838e-05 -8.55841e-05 6.00793e-06 -0.000148209 -0.000306863 8.55284e-05 -8.85764e-05 0.000486555 -0.0011822 0.000284548 -4.52906e-05 -0.00102098 5.4197e-05 0.000299365 -0.000194346
internal_weight=328960 3669 3580 144 3436 235 116 53 325291 67332 2048 81 257959 188796 182120 65284 17262 177184 14764 4936 48022 69163 1967 63 2498 49078 53 41885 6137 20085
internal_count=328960 3669 3580 144 3436 235 116 53 325291 67332 2048 81 257959 188796 182120 65284 17262 177184 14764 4936 48022 69163 1967 63 2498 49078 53 41885 6137 20085
is_linear=0
shrinkage=0.05


Tree=46
num_leaves=31
num_cat=0
split_feature=11 13 20 10 19 8 19 8 19 8 4 20 13 12 14 8 5 13 19 15 20 11 11 12 12 10 19 4 12 13
split_gain=0.125651 0.142918 0.141912 0.143334 0.139373 0.134211 0.163797 0.129719 0.155876 0.129355 0.174513 0.212717 0.203865 0.189127 0.187714 0.177448 0.175259 0.166646 0.159076 0.155386 0.134324 0.180896 0.171908 0.163477 0.152769 0.133112 0.239802 0.194463 0.131871 0.119383
threshold=-0.18798709 0.5661579000000001 0.96434926500000007 -0.17816881499999998 0.014010551000000001 80.286085000000014 0.034233552500000007 28.355000000000004 0.17870069500000002 77.645250000000019 0.16766795500000004 0.75441717500000005 0.35258950000000006 0.37957425000000006 1.9900967500000002 75.255747500000027 0.44966193500000007 0.68197630000000009 0.7026524500000001 0.80902431500000016 0.84022087500000009 0.37052975000000005 -0.10225135999999999 0.89321780500000003 0.97043767000000003 -0.032925359999999994 0.24319696500000001 -0.0046744579999999985 0.30061278000000008 0.41275591000000006
decision_type=2 2 2 2 2 2 2 2 2 2 2 2 2 2 2 2 2 2 2 2 2 2 2 2 2 2 2 2 2 2
left_child=1 2 3 4 -1 6 -3 -5 -9 10 15 13 14 -12 -13 25 -14 28 -15 -11 21 29 23 -22 -24 26 -2 -27 -17 -21
right_child=9 5 -4 7 -6 -7 -8 8 -10 19 11 12 16 18 -16 17 -18 -19 -20 20 22 -23 24 -25 -26 27 -28 -29 -30 -31
leaf_value=4.5886062214629276e-05 -1.5379746425205122e-05 -0.00021698569490616294 -0.0014203482022792507 0.00028469680053851896 0.0019432077433279111 0.0015572071172625459 0.00079939877904112782 -0.0004998591086768548 0.00049951166872298292 4.4248960518173171e-05 0.00051094694724343112 0.00062749234130744379 0.00041244830006802332 -0.0018091066135767727 0.0039553979485278173 -0.00055965545297831539 -0.00016400530752711545 -0.0011148673858501679 -0.00025311394959625592 3.1616859250285164e-05 0.00047682289265109178 -0.0036266804484295701 -8.9568340451023174e-05 0.0037551491202975741 -0.0015026204081077595 -9.3731876868324371e-05 0.00018028389665147404 7.3148212365129007e-06 0.0010825925612334255 -0.00043605266853692935
leaf_weight=185 43431 655 155 2443 203 294 1004 1572 519 8704 822 101 6410 177 73 143 1660 122 2282 1732 771 42 4385 40 200 69947 24489 149124 842 6433
leaf_count=185 43431 655 155 2443 203 294 1004 1572 519 8704 822 101 6410 177 73 143 1660 122 2282 1732 771 42 4385 40 200 69947 24489 149124 842 6433
internal_value=8.61403e-14 0.000209115 6.92906e-05 0.000116201 0.00103856 0.000572601 0.000398114 3.727e-05 -0.000251809 -4.56645e-06 4.0815e-06 0.000194867 0.000330382 -0.000145632 0.00202368 -3.55065e-06 0.000293872 0.000628273 -0.000365115 -0.000120724 -0.000226283 -0.000353684 -3.25139e-05 0.000638516 -0.000151206 -5.98776e-06 5.51681e-05 -2.49483e-05 0.000844175 -0.000336848
internal_weight=328960 7030 5077 4922 388 1953 1659 4534 2091 321930 299623 11525 8244 3281 174 288098 8070 1107 2459 22307 13603 8207 5396 811 4585 286991 67920 219071 985 8165
internal_count=328960 7030 5077 4922 388 1953 1659 4534 2091 321930 299623 11525 8244 3281 174 288098 8070 1107 2459 22307 13603 8207 5396 811 4585 286991 67920 219071 985 8165
is_linear=0
shrinkage=0.05


Tree=47
num_leaves=31
num_cat=0
split_feature=11 5 11 1 12 20 20 7 4 19 16 10 1 0 19 5 3 17 12 20 4 12 12 20 20 12 7 20 19 10
split_gain=0.116389 0.114837 0.235357 0.189757 0.220367 0.288323 0.274174 0.181061 0.20644 0.170371 0.162025 0.299392 0.128875 0.621148 0.111271 0.148694 0.145638 0.143778 0.111038 0.112237 0.110023 0.102645 0.100408 0.147454 0.143834 0.29505 0.126326 0.124235 0.122537 0.0980099
threshold=-0.14245915999999997 0.097745380000000007 -0.048377333499999987 -0.019670503999999995 0.58668543000000006 0.96798575000000009 0.91395645000000014 34.075250000000004 -0.074271571999999994 0.68311310000000003 0.23022008000000002 -0.032925359999999994 0.086454112000000014 0.14738941000000003 0.34622180500000005 -0.0049429209999999986 0.006945248450000001 0.026468835000000003 0.89321780500000003 0.97920272500000005 0.045751922500000007 0.62444980000000017 0.76112070000000009 0.92175390000000013 0.79722683500000013 0.6137147300000001 173.44125000000003 0.87478223500000019 0.014010551000000001 0.0069884990000000013
decision_type=2 2 2 2 2 2 2 2 2 2 2 2 2 2 2 2 2 2 2 2 2 2 2 2 2 2 2 2 2 2
left_child=14 7 9 -4 6 -6 -5 8 10 -3 -2 -12 20 -14 15 16 18 -16 19 -1 -10 -19 24 27 25 -9 -25 -24 -26 -23
right_child=1 2 3 4 5 -7 -8 22 12 -11 11 -13 13 -15 17 -17 -18 21 -20 -21 -22 29 23 26 28 -27 -28 -29 -30 -31
leaf_value=0.00013182736585297039 6.8206864293498265e-05 0.0020155943925794961 0.00025340028144333221 3.5580803050181388e-05 -0.0003377599145351905 0.00018003445796065381 0.0006452162115285205 -0.00012515542637539111 -3.911476526227944e-05 0.0003455743331413664 0.00064233840402728017 -0.00018389662517839922 0.0069163153048705413 0.00030522958738444671 -0.0013603568986650105 0.0017445508482386218 -0.00034579435051147669 0.00035883348338969429 0.0021495189906077096 -0.00083270179195190904 6.551361721735132e-05 0.0018875699527632296 0.0016552970189811353 -0.00046692179587778471 0.0010066673284434874 -0.00125082279667097 0.0011650225881199203 -0.0021659683863841559 3.7082301011243615e-05 0.00038540840545849383
leaf_weight=12609 16778 254 9221 34955 8567 3918 1947 34895 151902 383 3572 1582 37 894 107 132 1934 1970 67 309 30106 239 24 1251 337 592 131 187 9861 199
leaf_count=12609 16778 254 9221 34955 8567 3918 1947 34895 151902 383 3572 1582 37 894 107 132 1934 1970 67 309 30106 239 24 1251 337 592 131 187 9861 199
internal_value=1.73364e-13 -7.06375e-06 5.55772e-05 4.51876e-05 6.31236e-06 -0.000175267 6.7746e-05 -2.17819e-05 -1.4282e-06 0.00101149 0.000143529 0.000388729 -1.88067e-05 0.000567969 0.00012522 7.37784e-05 5.89958e-05 0.000433069 0.000119286 0.000108756 -2.18082e-05 0.000512761 -0.000109981 -0.000500195 -9.63745e-05 -0.000143934 -0.00031223 -0.00173132 6.91229e-05 0.00120508
internal_weight=328960 311394 59245 58608 49387 12485 36902 252149 204871 637 21932 5154 182939 931 17566 15051 14919 2515 12985 12918 182008 2408 47278 1593 45685 35487 1382 211 10198 438
internal_count=328960 311394 59245 58608 49387 12485 36902 252149 204871 637 21932 5154 182939 931 17566 15051 14919 2515 12985 12918 182008 2408 47278 1593 45685 35487 1382 211 10198 438
is_linear=0
shrinkage=0.05


Tree=48
num_leaves=31
num_cat=0
split_feature=11 19 16 15 3 6 12 20 15 13 15 5 10 6 6 20 15 15 5 4 12 8 15 12 8 12 12 15 7 4
split_gain=0.110193 0.125694 0.149803 0.13056 0.158419 0.12211 0.105609 0.415599 0.478051 0.222157 0.206076 0.367676 0.272845 0.184648 0.190104 0.160375 0.260714 0.253459 0.196491 0.224145 0.186517 0.255671 0.17786 0.13932 0.127051 0.216093 0.119072 0.106873 0.200248 0.122807
threshold=-0.20656594499999997 0.17870069500000002 0.59125315000000012 1.0279017500000001 -0.11226506549999998 7.7810000000000015 0.77737827500000012 0.96798575000000009 0.62153332000000006 0.68197630000000009 2.6591699500000003 0.25131457000000007 0.069136213000000016 125.16600000000001 173.96600000000004 0.85220377500000011 4.1352635000000006 3.0700221000000005 0.54882355000000016 0.19474095000000005 0.58668543000000006 122.99716750000002 5.0430385000000006 0.85000330000000013 1.6645833500000002 0.61887110000000012 0.64893123500000016 13.766197500000002 29.265250000000005 0.20656249500000004
decision_type=2 2 2 2 2 2 2 2 2 2 2 2 2 2 2 2 2 2 2 2 2 2 2 2 2 2 2 2 2 2
left_child=1 3 -3 4 -1 -6 15 9 -9 -8 11 -11 -12 23 -15 16 24 18 19 -17 21 -19 -22 -10 25 -2 -26 29 -29 -18
right_child=6 2 -4 -5 5 -7 7 8 13 10 12 -13 -14 14 -16 17 27 20 -20 -21 22 -23 -24 -25 26 -27 -28 28 -30 -31
leaf_value=0.00048789111554940127 0.00042981901546145168 0.00089408121925723435 -0.002958610073255841 0.00030648131442694888 0.00035277345217924291 -0.0011416801593030204 -0.00032128180581703075 0.0077983400529774375 0.00049379179317151733 -0.00072205093492650331 -0.0011596543037453312 0.0051707414124393843 -0.0033801792905530665 -0.0021301650762132669 0.00011841123711995104 -2.8705458639093894e-05 -0.00030916221807807668 0.00048931434605986319 -0.0017438407041208848 0.00052766737262738175 0.00032756589665373535 0.0041958963660092309 -0.00012059053771202254 -8.0572746713978004e-05 -3.984010416597248e-06 0.0054351146412293687 -0.00035478862679584117 0.0030625686628695803 -0.0010513548885038207 -0.0014881423453703283
leaf_weight=381 1087 853 26 2658 182 549 1557 20 1724 225 609 30 179 189 187 23693 6227 4591 160 1960 5206 47 3852 2724 267233 22 2441 64 55 229
leaf_count=381 1087 853 26 2658 182 549 1557 20 1724 225 609 30 179 189 187 23693 6227 4591 160 1960 5206 47 3852 2724 267233 22 2441 64 55 229
internal_value=4.87779e-14 0.0002417 0.000780122 0.000116163 -0.000338751 -0.0007696 -3.46477e-06 -0.00018962 8.40886e-05 -0.00069956 -0.00126426 -2.87812e-05 -0.00166406 5.21058e-05 -0.00101186 9.08481e-07 -1.25169e-05 9.51565e-05 2.9092e-06 1.38038e-05 0.000269016 0.000526876 0.000136983 0.000142045 -4.96306e-06 0.000529113 -7.15938e-06 -0.000323613 0.00116118 -0.000350982
internal_weight=328960 4649 879 3770 1112 731 324311 7444 4844 2600 1043 255 788 4824 376 316867 277358 39509 25813 25653 13696 4638 9058 4448 270783 1109 269674 6575 119 6456
internal_count=328960 4649 879 3770 1112 731 324311 7444 4844 2600 1043 255 788 4824 376 316867 277358 39509 25813 25653 13696 4638 9058 4448 270783 1109 269674 6575 119 6456
is_linear=0
shrinkage=0.05


Tree=49
num_leaves=31
num_cat=0
split_feature=20 3 13 15 1 0 16 16 20 14 2 0 13 4 2 11 8 5 0 11 6 3 11 13 11 5 4 3 0 0
split_gain=0.106578 0.159123 0.327065 0.229927 0.204145 0.508253 0.164018 0.168825 0.176317 0.15453 0.151587 0.163801 0.131727 0.158644 0.149967 0.129364 0.171515 0.126179 0.145861 0.1774 0.144172 0.130702 0.123855 0.121369 0.465453 0.217832 0.198465 0.121915 0.441623 0.136852
threshold=0.40747082000000007 -1.0000000180025095e-35 0.42397915000000003 1.6815927500000003 0.070284333000000018 0.11406368300000001 0.63437668500000022 0.91326982500000009 0.99566160000000015 0.91580183000000004 0.053322355000000009 0.91300705000000015 0.33603123000000007 -0.12839257999999995 0.035581324000000004 0.013553550000000001 5.0543335000000011 0.16936338000000004 0.67163263500000003 -0.027054369499999998 17.117000000000001 0.040030690000000001 0.17587568000000001 0.66439225000000013 -0.018004127999999998 -0.24866133999999998 0.049937837000000006 -0.0005911912749999999 0.091290998000000012 0.035692019500000012
decision_type=2 2 2 2 2 2 2 2 2 2 2 2 2 2 2 2 2 2 2 2 2 2 2 2 2 2 2 2 2 2
left_child=12 4 3 9 23 -6 15 -8 -9 -3 11 -7 13 -1 -15 -4 -17 18 19 -14 -21 22 -19 27 25 -25 -26 29 -29 -2
right_child=1 2 6 -5 5 10 7 8 -10 -11 -12 -13 17 14 -16 16 -18 21 -20 20 -22 -23 -24 24 26 -27 -28 28 -30 -31
leaf_value=0.00086136781606958835 -0.0025491450141713612 -9.1918204603015028e-05 -0.0001121104562027767 0.00032384818332439923 0.0077033313060248347 0.0047132375992701529 3.0212409119846506e-05 -0.000258809965486452 0.0012287582289276294 0.00011826322941717058 -0.00013620349259763705 0.001047826794154204 0.00011953013458254613 -2.1833120413303385e-05 0.00029298790441282125 0.00035461199800241314 -0.00043341051243504271 0.00063836079733014335 -0.00023730053717737124 -0.00033293326669283691 6.2992517010786067e-05 2.6499909037757064e-05 0.0028691520547664533 -0.00024842059837556384 -0.00032192500196578049 0.00090589137150936779 0.0005780739275376847 0.0073537119259328952 0.00037658525198252819 4.1676523689345278e-05
leaf_weight=527 51 15322 13936 8051 27 35 26726 8459 204 20373 281 236 9436 89852 3949 760 7551 188 16665 6120 3683 495 93 486 2739 2570 789 23 1629 87704
leaf_count=527 51 15322 13936 8051 27 35 26726 8459 204 20373 281 236 9436 89852 3949 760 7551 188 16665 6120 3683 495 93 486 2739 2570 789 23 1629 87704
internal_value=2.35748e-13 2.31527e-05 -2.05992e-05 8.24831e-05 6.90847e-05 0.00100512 -9.88392e-05 -3.19633e-05 -0.00022378 2.80433e-05 0.000677495 0.00152122 -3.49835e-05 -3.71893e-06 -8.57923e-06 -0.000205221 -0.00036135 -0.000115385 -0.000129018 -3.52234e-05 -0.000184183 0.000515413 0.00137667 6.34387e-05 0.000270619 0.00072232 -0.00012065 4.81817e-05 0.000473724 4.01708e-05
internal_weight=328960 197952 101382 43746 96570 579 57636 35389 8663 35695 552 271 131008 94328 93801 22247 8311 36680 35904 19239 9803 776 281 95991 6584 3056 3528 89407 1652 87755
internal_count=328960 197952 101382 43746 96570 579 57636 35389 8663 35695 552 271 131008 94328 93801 22247 8311 36680 35904 19239 9803 776 281 95991 6584 3056 3528 89407 1652 87755
is_linear=0
shrinkage=0.05


Tree=50
num_leaves=31
num_cat=0
split_feature=1 0 15 6 18 0 3 12 18 2 16 13 2 19 10 16 6 4 18 4 19 4 16 14 4 12 20 13 1 14
split_gain=0.101303 0.207815 0.369894 0.246147 0.378705 0.218681 0.102144 0.139141 0.205237 0.210864 0.161423 0.130234 0.212704 0.207709 0.382717 0.234984 0.202546 0.183684 0.176128 0.137494 0.129958 0.128348 0.15519 3.44658 0.120572 0.105251 0.166286 0.132228 0.0883823 0.0862461
threshold=0.099615935000000017 0.45903960000000005 0.86625400000000019 8.2990000000000013 0.9913978200000001 0.14738941000000003 -0.028940364 0.44626215000000008 0.46925702500000005 -0.11779372999999999 0.14062880000000003 0.35258950000000006 0.035581324000000004 0.32612592000000001 0.029364999000000003 0.91326982500000009 48.605000000000011 0.14461372000000003 0.26278618000000004 -0.10275762499999998 0.6393747500000001 -0.075784779999999982 0.40539482500000007 1.0465603500000003 0.030573828000000001 0.61887110000000012 0.82452560000000019 0.61448420000000004 0.017644932500000005 1.0019526500000002
decision_type=2 2 2 2 2 2 2 2 2 2 2 2 2 2 2 2 2 2 2 2 2 2 2 2 2 2 2 2 2 2
left_child=6 2 3 -2 5 -5 7 21 25 29 -11 12 19 14 -13 17 -16 -15 -17 -8 24 22 -1 -24 -14 27 -27 -9 -23 -10
right_child=1 -3 -4 4 -6 -7 11 8 9 10 -12 13 20 15 16 18 -18 -19 -20 -21 -22 28 23 -25 -26 26 -28 -29 -30 -31
leaf_value=8.807331914616526e-05 -0.0016806505121348893 0.00020990585525532528 -0.0040255051851272585 0.0051625210653852534 0.0084485010308627453 -0.0010400294121548843 0.0008514654907084753 0.00011011969856041963 0.0018279410127433949 -0.0003173273104106624 0.00077957864714456575 -0.00018846522427753336 0.0002590858830888413 -1.5839718438881641e-05 0.0011494629850044116 0.0021434244161728437 0.0051249157596455035 0.00021562556687548313 -0.00024010702343268725 -2.1365822392982052e-06 0.00013477351765202414 -7.81975093119797e-05 1.7043514559017258e-05 0.021316758801694962 0.00095663051987886986 -0.0005390719548295761 4.2095859699136677e-05 0.00049077105228181861 0.00030297725321689868 0.0059844849842193076
leaf_weight=14506 20 2321 20 27 36 30 474 18776 26 432 1500 28554 1410 84321 239 78 37 9541 12195 99429 5761 33092 377 20 1105 1426 8992 2597 1594 24
leaf_count=14506 20 2321 20 27 36 30 474 18776 26 432 1500 28554 1410 84321 239 78 37 9541 12195 99429 5761 33092 377 20 1105 1426 8992 2597 1594 24
internal_value=2.79923e-14 0.00032005 0.00224218 0.00335151 0.00443369 0.00189802 -2.40547e-06 4.53561e-05 0.000123631 0.000617274 0.000534308 -1.87805e-05 2.20928e-05 -5.15419e-05 -0.000170555 -1.92138e-05 0.0016824 7.68855e-06 -0.000224959 1.91342e-06 0.000265686 -7.95366e-06 0.000114766 0.00109008 0.000565562 9.28549e-05 -3.74535e-05 0.000156372 -6.06806e-05 0.00382308
internal_weight=328960 2454 133 113 93 57 326506 83362 33773 1982 1932 243144 108179 134965 28830 106135 276 93862 12273 99903 8276 49589 14903 397 2515 31791 10418 21373 34686 50
internal_count=328960 2454 133 113 93 57 326506 83362 33773 1982 1932 243144 108179 134965 28830 106135 276 93862 12273 99903 8276 49589 14903 397 2515 31791 10418 21373 34686 50
is_linear=0
shrinkage=0.05


end of trees

feature_importances:
turn=132
vol_20=126
vol_60=105
rank_close_ma20=99
close_ma60=94
rank_vol_20=83
volume_ratio=82
turn_20=82
ma20=75
ret_2=72
ret_10=72
ma5=69
close_ma20=67
ret_1=65
ret_5=59
ma60=58
rank_ret_5=57
hl_pos20=40
close_ma5=38
ret_20=37
dist_high20=18

parameters:
[boosting: gbdt]
[objective: regression]
[metric: l2]
[tree_learner: serial]
[device_type: cpu]
[data_sample_strategy: bagging]
[data: ]
[valid: ]
[num_iterations: 2000]
[learning_rate: 0.05]
[num_leaves: 31]
[num_threads: 0]
[seed: 42]
[deterministic: 0]
[force_col_wise: 0]
[force_row_wise: 0]
[histogram_pool_size: -1]
[max_depth: 6]
[min_data_in_leaf: 20]
[min_sum_hessian_in_leaf: 0.001]
[bagging_fraction: 0.8]
[pos_bagging_fraction: 1]
[neg_bagging_fraction: 1]
[bagging_freq: 0]
[bagging_seed: 400]
[bagging_by_query: 0]
[feature_fraction: 0.8]
[feature_fraction_bynode: 1]
[feature_fraction_seed: 30056]
[extra_trees: 0]
[extra_seed: 12879]
[early_stopping_round: 0]
[early_stopping_min_delta: 0]
[first_metric_only: 0]
[max_delta_step: 0]
[lambda_l1: 0]
[lambda_l2: 0]
[linear_lambda: 0]
[min_gain_to_split: 0]
[drop_rate: 0.1]
[max_drop: 50]
[skip_drop: 0.5]
[xgboost_dart_mode: 0]
[uniform_drop: 0]
[drop_seed: 17869]
[top_rate: 0.2]
[other_rate: 0.1]
[min_data_per_group: 100]
[max_cat_threshold: 32]
[cat_l2: 10]
[cat_smooth: 10]
[max_cat_to_onehot: 4]
[top_k: 20]
[monotone_constraints: ]
[monotone_constraints_method: basic]
[monotone_penalty: 0]
[feature_contri: ]
[forcedsplits_filename: ]
[refit_decay_rate: 0.9]
[cegb_tradeoff: 1]
[cegb_penalty_split: 0]
[cegb_penalty_feature_lazy: ]
[cegb_penalty_feature_coupled: ]
[path_smooth: 0]
[interaction_constraints: ]
[verbosity: -1]
[saved_feature_importance_type: 0]
[use_quantized_grad: 0]
[num_grad_quant_bins: 4]
[quant_train_renew_leaf: 0]
[stochastic_rounding: 1]
[linear_tree: 0]
[max_bin: 255]
[max_bin_by_feature: ]
[min_data_in_bin: 3]
[bin_construct_sample_cnt: 200000]
[data_random_seed: 175]
[is_enable_sparse: 1]
[enable_bundle: 1]
[use_missing: 1]
[zero_as_missing: 0]
[feature_pre_filter: 1]
[pre_partition: 0]
[two_round: 0]
[header: 0]
[label_column: ]
[weight_column: ]
[group_column: ]
[ignore_column: ]
[categorical_feature: ]
[forcedbins_filename: ]
[precise_float_parser: 0]
[parser_config_file: ]
[objective_seed: 16083]
[num_class: 1]
[is_unbalance: 0]
[scale_pos_weight: 1]
[sigmoid: 1]
[boost_from_average: 1]
[reg_sqrt: 0]
[alpha: 0.9]
[fair_c: 1]
[poisson_max_delta_step: 0.7]
[tweedie_variance_power: 1.5]
[lambdarank_truncation_level: 30]
[lambdarank_norm: 1]
[label_gain: ]
[lambdarank_position_bias_regularization: 0]
[eval_at: ]
[multi_error_top_k: 1]
[auc_mu_weights: ]
[num_machines: 1]
[local_listen_port: 12400]
[time_out: 120]
[machine_list_filename: ]
[machines: ]
[gpu_platform_id: -1]
[gpu_device_id: -1]
[gpu_device_id_list: ]
[gpu_use_dp: 0]
[num_gpu: 1]

end of parameters

pandas_categorical:[]
